exon_id,n_exp,slope_exp,pearson_exp,spearman_exp,n_mean,slope_mean,pearson_mean,spearman_mean,n_prod,slope_prod,pearson_prod,spearman_prod
ABCA4_e10,277,0.7901209968390275,0.8317764756753837,0.8042911964357454,277,0.5254658154780155,0.7721767092536235,0.7853832229715204,277,0.7797914258704358,0.7556429859228558,0.7834223345925353
ABCA4_e9,406,0.36899190502994644,0.6133633536788754,0.6516203891523314,406,0.06373135387593966,0.3220714881775014,0.2692243968033594,406,0.10858064485636212,0.3218472764569217,0.2687867662867995
ABCB11_e12,320,0.006108723678464765,0.03716297150799497,-0.007066847943019931,320,0.0810112476455077,0.4304531114667005,0.43656096378533304,320,0.11368665091049686,0.4373759885922333,0.4417535873945348
ABCB11_e4,143,0.7426965863736438,0.7058879724089773,0.792795232936078,143,1.1267736477175119,0.8857293277110786,0.8753570373288684,143,1.9862227639987362,0.8849983124120768,0.8754432187530778
ABCC2_e21,387,0.23753620976083073,0.3140698699084924,0.5726347485990096,387,0.23105834321057267,0.4017014451750672,0.6082524044209722,387,0.444467460619895,0.3966387822465108,0.6090022992710982
ABHD12_e5,31,0.5002446844274063,0.41381434211743656,0.2556451612903226,31,0.12722997345460854,0.4868069356020403,0.49758064516129036,31,0.19685691500000227,0.4942167394769033,0.5020161290322581
ABI2_e10,249,0.28120456258840626,0.2934222112148531,0.4290843373493976,249,0.31798224500484007,0.7439579088436369,0.7661224831652,249,0.4676932111564091,0.7343908299746716,0.763081192267356
ABLIM1_e20,12,2.2347243874829514,0.5344844196902461,0.07692307692307693,12,0.15574632938418304,0.18153902395726704,0.04195804195804196,12,0.3005338610620321,0.1830838139625546,0.04195804195804196
ABLIM3_e14,275,0.12160981323166523,0.289188152337319,0.34531721531404175,275,0.03567248940920343,0.17522209862550642,0.2739500121101572,275,0.0669640392315946,0.1728524142142686,0.2739794400016531
ACACA_e2,319,0.6984858816140345,0.8021396560596669,0.7983124593363695,319,0.7505576530387357,0.8609152254748043,0.8543336572878072,319,1.1948908952338297,0.8531656702404289,0.8536914079024216
ACADM_e3,282,0.223852654598152,0.5311018248924075,0.4375798979982563,282,0.07079363281915058,0.37219050500167505,0.4340183646506904,282,0.09611287553390749,0.3916875241102696,0.4689372536626022
ACTN2_e8,246,0.9707184513352879,0.8090940436249856,0.8214082824472798,246,0.4235542236543822,0.7441532063877275,0.7467801264311008,246,0.8188808118839042,0.7433607830921691,0.7465987563250457
ADAM32_e10,234,1.714407670302175,0.7702523571585933,0.8052578292852395,234,0.3986452534191781,0.76500252803035,0.7752345540923286,234,0.5116249190379766,0.759277119301844,0.77646615327471
ADAM32_e11,396,0.36346412110148024,0.5976588684727606,0.6972737451684157,396,0.07532917463087546,0.44474003812917984,0.42647358285149933,396,0.10425112845659357,0.4164283881545977,0.4306529591108872
ADAM32_e15,313,0.987812987114222,0.7197299099384614,0.8204019713293716,313,0.5999472144984361,0.7860714002253347,0.7968933959815965,313,1.0365704482628284,0.7757270193105608,0.7971360260445178
ADAMTS20_e8,304,0.901127542965841,0.8176785626176537,0.8414328288974868,304,0.6114823179745492,0.7494361112541328,0.7211019831138887,304,1.064748122086281,0.7478887920486352,0.7201815068197304
ADCY8_e11,255,0.30643270203389494,0.4238012909744484,0.3050983184845319,255,0.4638722591631157,0.7622939873092467,0.7485011847234345,255,0.7282832087713791,0.7613381722577642,0.7494063268336094
ADD3_e14,275,0.7114851057613157,0.708623941663927,0.727688966760645,275,0.6479125436887586,0.7070522917759614,0.7466409239572833,275,0.982311610959933,0.6850884764153452,0.744803697649689
ADGRG3_e3,156,0.06055216480364086,0.15872870089212354,0.1687393661704674,156,0.34579904227053915,0.5932736178966316,0.5257574560225063,156,0.6097491751450921,0.5898460906110276,0.5256962318411591
ADGRG6_e6,240,1.7234825715400024,0.8289619218302322,0.8351768259865622,240,1.0803746095796136,0.8790435381346005,0.8988412329659808,240,1.733950044130553,0.8678262478157254,0.8986780355111667
ADGRL3_e7,33,2.6366919034989618,0.8555861831188689,0.788101604278075,33,0.8717464017772516,0.7567831455011326,0.6995320855614974,33,1.6901237363369104,0.7598227152151391,0.6995320855614974
AGBL2_e17,309,0.6240510811426322,0.7392267747359256,0.7324941392160232,309,0.7661865945735807,0.8521098958500848,0.8470894673482972,309,1.4463682729550804,0.8550343216888253,0.847268430312827
AGBL3_e11,327,1.785009144851934,0.902368265001611,0.89367662418102,327,0.7247580842036898,0.8507091609127506,0.8229351679674209,327,1.3221468435351584,0.8535041425933855,0.823032706234238
AGTR1_e2,239,0.5455687356429707,0.6765369459767515,0.7181472170458142,239,0.20087931446346102,0.6844588173949799,0.729103281273536,239,0.2824382206343173,0.6726937696709681,0.7328731089701638
AKAP3_e2,401,0.38945632164403693,0.638502331282449,0.6341848691031163,401,0.14223302084994283,0.7628680526912237,0.7363778241270624,401,0.24637150013116188,0.7761136108991995,0.7527913487747558
AKAP3_e3,305,0.7080901535206162,0.6319666465312055,0.7637828611863908,305,0.6863297745435478,0.7570323050454444,0.7476418545755897,305,1.1177364773425316,0.7488719230575479,0.7481738163912742
AKR1E2_e9,237,0.6320007618929852,0.7947462250122496,0.7777456008434209,237,0.5026329996785213,0.7696496671412995,0.8236699597777061,237,0.7752113150693747,0.7484442426615371,0.8268082016558407
ALG1_e8,105,1.0028391963314949,0.7653455737027328,0.7384511714700394,105,0.8968578172370336,0.7893134591255373,0.8307173958117353,105,1.7318067983563445,0.7951718715725099,0.8307173958117353
ALOXE3_e13,247,0.47380494741988993,0.5400860841399059,0.5328027597893844,247,0.24382206071323495,0.5325918179807736,0.5913384622859823,247,0.4318855582146655,0.5250112486322123,0.5909774403161845
ALPK3_e2,105,1.0499352908753683,0.8184646012375568,0.8550901928260419,105,0.4889033301559237,0.8048390627527983,0.796301047849056,105,0.9505204701247426,0.8060700225555982,0.796301047849056
AMN_e3,123,0.49831373867352236,0.5416264753979839,0.5147166939675744,123,0.20616602647291263,0.5741969374387408,0.5625726525085225,123,0.3518527253217495,0.569782922492203,0.5652425565951237
ANK2_e36,87,0.9717183510177184,0.8175684405664885,0.7663483268936356,87,0.6244118729075478,0.8222919164742137,0.7995735219071224,87,1.1949519321271191,0.8254693611043561,0.7994094918714004
ANKAR_e16,309,1.1661487596089704,0.843157954405493,0.8404389919953787,309,0.5983426671593135,0.8810202235574454,0.8705382668146269,309,1.1590969828918443,0.8830439961929694,0.8704478306426676
ANKDD1A_e2,294,0.24672399479172388,0.4403035246180683,0.381184814439967,294,0.1887981057157924,0.4594999018009638,0.44720310352713677,294,0.2595809807080369,0.45544333551812727,0.44313049103874524
ANO5_e4,112,0.8514025855742596,0.7471868832360967,0.6933747907199235,112,0.5061852322842757,0.6615696466130365,0.6242098609355248,112,0.9938206342837289,0.6629663542283057,0.6247821778795231
ANXA13_e2,292,0.2155194645416026,0.27570581496116564,0.2821310359129407,292,0.12028821083039766,0.4820160801499928,0.47939046387319917,292,0.169587431736157,0.49677970162127644,0.4918811519494662
AP4M1_e12,122,0.4431846035918099,0.6286186492778322,0.6124988021320397,122,0.5182733906047468,0.7126912924858261,0.7471172640330335,122,0.9007038665836296,0.710710228002373,0.7471172640330335
AP4M1_e9,149,0.8199739218213018,0.7952283421345899,0.7894540177761654,149,0.7380371112508531,0.8176668442762809,0.7864788436052184,149,1.2250364479410492,0.8101398061638061,0.7875889490108169
APC_e14,307,0.26429420469435416,0.6115916245138793,0.588828377851007,307,0.09744943696773906,0.4518171416770542,0.45723774545269297,307,0.12404059104234888,0.4720976190782969,0.4822627339534235
APC_e9,285,0.0036325930442736797,0.012410029086203828,0.05270986183884789,285,-0.01896517975966394,-0.12177596863757027,-0.08605271448750569,285,-0.021133640279534936,-0.09866915830513542,-0.06545108262736012
ARHGEF10_e9,266,0.5571813756741205,0.633509517123487,0.7038043842107374,266,0.7049765180916343,0.7422731053960077,0.7401209768706115,266,1.1567484789675984,0.727085498284908,0.7400540296205813
ARMCX5_e2,303,1.1915947714923394,0.8268901343042186,0.8052435733290999,303,0.38925606683683417,0.8869681694417377,0.8866103236000901,303,0.7653406873431444,0.8881919945641987,0.8866034215438273
ARMH1_e2,313,0.8599105995714675,0.6984692714752667,0.6604222073687488,313,0.29149493727164055,0.7365937782010598,0.7331757019988602,313,0.5686349075173912,0.7384064781256123,0.7332288001638478
ARPP21_e11,293,0.023510234606811214,0.15158580466017882,0.1314056917325849,293,0.07764942339594252,0.27841462897011376,0.13709607108874844,293,0.12162673942385549,0.2953017227228002,0.16424569025843344
ASCC1_e11,320,0.23818594098052445,0.3833439656822767,0.485936852686991,320,0.12970583630004115,0.5924800390724428,0.5828263085968645,320,0.25385526186821156,0.5927143945385192,0.5828413234139255
ASL_e9,147,1.042079999956151,0.7974085066005049,0.7764093419670719,147,0.4967694442024078,0.6871919434591847,0.6558442601045058,147,0.8727946499888313,0.6868304846329127,0.6555344728093737
ASZ1_e5,322,0.7625829773915429,0.612613073676725,0.6586268117888957,322,0.0003276725686629841,0.0012879138864734783,0.01096707657533638,322,0.012392365197350352,0.03252902609803123,0.024350449648783537
ATF2_e5,278,0.7028376739147074,0.5757370927918743,0.5904006628726185,278,0.10193985164490413,0.518128181089678,0.5156291076459241,278,0.12251274834007246,0.4845946820352705,0.5065326914780076
ATM_e23,302,0.7256312609344429,0.7697541219521555,0.7350983286209399,302,0.5205927579595967,0.7856668570452342,0.7472153339660138,302,0.8334318356329653,0.7819482420567246,0.7468885751293921
ATM_e27,334,0.11520150886607766,0.3898938013737689,0.35802509592967174,334,0.08864484948572743,0.4356616727355358,0.41611533810070905,334,0.120154307921011,0.43413515242134354,0.4148240904091189
ATM_e41,255,0.7873101268290208,0.7679773143619045,0.8900190499831971,255,0.7410539060540787,0.821429328940992,0.8692513757035096,255,1.079028004175944,0.7937470711941466,0.8683358729857618
ATM_e44,303,0.7777484908066729,0.7968464405961079,0.8537136477677044,303,0.7727263437394458,0.8568970608824076,0.8466446218032107,303,1.4654018442634236,0.858702052623046,0.847082039288651
ATM_e56,337,0.1920472838418875,0.4383171472819908,0.45631416586295753,337,0.5017871057604767,0.7047993654355988,0.7148241888456933,337,0.7647908400565835,0.6918158426143471,0.7158959310572343
ATM_e57,432,0.13138236368062453,0.4269297056679615,0.3749594445514164,432,0.10067814887173505,0.49622854600556027,0.4930885809986214,432,0.16544548734486483,0.4994426364989226,0.49293895430792206
ATM_e60,306,0.04758690944798431,0.11042855334360505,0.09422802438505676,306,0.022378440954213163,0.16449054326501858,0.0951537703396085,306,0.031209909455812083,0.18343817682868352,0.12202691598343636
ATM_e62,396,0.012279603858422198,0.08557742243078711,0.07802822484982559,396,0.03283919192191079,0.14597880760632678,0.15823442930729315,396,0.045832895733079644,0.14809824472226701,0.15940450429644637
ATP13A3_e33,258,1.3516102688057416,0.7130495106270397,0.6982344755396968,258,0.1718418901457395,0.598946929746983,0.5636646825335812,258,0.3412601668959764,0.5993194263255208,0.563779127009337
ATP6AP1_e8,132,0.26603960365525964,0.588539702832641,0.5482892213790981,132,0.46182483984574585,0.767032322071946,0.7741816820973834,132,0.6530441759913176,0.7469718954525753,0.7784394269799692
AUTS2_e13,74,0.6523097216199193,0.7540236210862112,0.719481673454276,74,0.581463343189107,0.7731038704125925,0.8326249537208439,74,0.9050643777793012,0.7530892796342714,0.8339281747500924
BAHCC1_e11,259,0.9934992760310679,0.7727234027515653,0.7729693076041355,259,0.2162167776044344,0.8203552125447211,0.8122003013524448,259,0.42782448632960046,0.8202891111973972,0.8121375879719285
BANP_e5,273,0.08489778506790807,0.2865805341210392,0.208398204376429,273,0.23015240793158281,0.6711224236342117,0.7011722747267746,273,0.3104155772923954,0.6507825103750804,0.6968681629980283
BAP1_e2,78,0.2952520407247095,0.7223261139567839,0.7160859146434483,78,0.18267964087272953,0.6472306074850981,0.5960468414426552,78,0.235091849368568,0.6471672776415532,0.5952880777211318
BAP1_e3,153,0.24105221163721471,0.7223266674073163,0.7559144819893975,153,0.4490053744640585,0.6974325263950836,0.8012243277619477,153,0.638936974863454,0.6630021209504311,0.7980278070774317
BARD1_e8,383,0.7630007995622741,0.7726684930582435,0.8007450352741567,383,0.38171988250634886,0.692041745527574,0.7791568588978541,383,0.5360310811523482,0.6651372852443954,0.7789052857536264
BBS1_e3,93,0.8226792697516505,0.7609253965998518,0.8646414610128018,93,0.5678048720993759,0.8068479744525267,0.8551253884059833,93,0.9579784508007835,0.7947841681943381,0.855076356118481
BBS1_e5,129,0.7933523014024079,0.748030145759735,0.7862421735241504,129,0.18344860443360453,0.6732149091202918,0.6191185637395985,129,0.25724898930581597,0.6702591226143881,0.6211870068449075
BBS5_e4,62,1.1432380006486331,0.8022997811739018,0.8409508700360102,62,1.2192555299928025,0.8857565261701823,0.9175543300344992,62,2.0052838537584057,0.8696620280167066,0.9179572410667072
BBX_e14,258,0.6087473146150365,0.7897758463008347,0.8024116346541341,258,0.13754097342912608,0.7082161824617744,0.6661383980385114,258,0.18087631539149143,0.7075367224100185,0.6665659278523428
BEAN1_e2,305,0.2632759161552235,0.436405691230061,0.4537211395177938,305,0.03201750176725645,0.14690376231664795,0.15127731206712933,305,0.04364139128485429,0.14670371955917758,0.1523148592207606
BIN1_e13,301,0.2998028215064962,0.4399490199547639,0.4148415232713853,301,0.10859900840443794,0.4799579120851088,0.46420341211565763,301,0.21047938339280023,0.4817496609484427,0.4643150630229024
BIN1_e7,259,0.7518639522950026,0.6621730584601679,0.6465668837761861,259,0.1578983521992654,0.4993166690402917,0.646820248105884,259,0.3128784845334382,0.5007297878904895,0.646717791035059
BIRC6_e14,258,0.45298396384488765,0.7919423310553243,0.768960671090514,258,0.2885500318147417,0.725140500909164,0.7176689075554995,258,0.4359660120324152,0.7116999089098596,0.7199071061592192
BLM_e10,320,0.7730199890875847,0.8180951601575657,0.8544511010060856,320,0.15822733847861944,0.6109343778390416,0.6356088892898023,320,0.2094852652056162,0.6210507327270844,0.6369897666393737
BLM_e17,431,0.07808766246995708,0.29642771599380824,0.3972369830890704,431,0.04220708756504911,0.31889887065134215,0.2819349304986393,431,0.0651913303324936,0.34122690421521845,0.32472601236728776
BNIP1_e3,219,0.4942963968572064,0.5875264980993177,0.5845279653867563,219,0.42388208761296586,0.762851152630618,0.7428338520782041,219,0.7906158034903737,0.7670801859269643,0.7437615660772312
BOLA3_e3,254,0.2148988901432626,0.4990569129502853,0.39945143645523395,254,0.13368629253829273,0.5515824470150836,0.5518301066447353,254,0.19490595009794415,0.5685136792267437,0.5593713213456873
BORA_e3,308,0.8437894544806067,0.7683466379103193,0.8011914656804564,308,0.39892196013368236,0.7380152112414939,0.7970877381164991,308,0.6130190988557914,0.7138511660292678,0.7950642099007487
BRAF_e14,129,0.6941418307125191,0.752276445169975,0.7802280582354142,129,0.8936270190538964,0.7900963810536894,0.8023144007155636,129,1.5306011968782756,0.7829358301548286,0.8032591681574242
BRAF_e9,99,0.12465995934848136,0.5376818674391648,0.5558723306991314,99,0.0971537004014014,0.6074099054262155,0.6024051682887889,99,0.12929852695928595,0.620900933958247,0.6111748467306912
BRCA1_e10,273,0.11324707521862179,0.24658457565531094,0.2013838602911204,273,0.21649507544277385,0.6624949963014866,0.6678681810281056,273,0.3218656222162962,0.6236669963108188,0.6640729366594117
BRCA1_e16,251,0.6602399736288665,0.8279136686908396,0.8230711439954468,251,0.1758601496727016,0.6416538168531726,0.621939935862211,251,0.2529143212151301,0.6292749444006226,0.6299819045699457
BRCA1_e17,222,0.6054062571876849,0.62438434374769,0.7560838642347479,222,0.7762778221640708,0.7562079230793436,0.7938661951118764,222,1.2612588260264581,0.7359357694915157,0.7943762121480911
BRCA1_e18,111,0.028738698465634913,0.18081718157616772,0.14798775873738992,111,0.13402258596435654,0.5083198336801521,0.5312056443006222,111,0.16991753746456803,0.5265737107353644,0.5458338727477873
BRCA1_e20,80,0.04580805224260413,0.15676171366905262,0.18073136427566808,80,0.06355498344642665,0.39765234677390277,0.4208681794285368,80,0.09128834116791894,0.4006621099251181,0.41371833150330195
BRCA1_e3,91,-0.012199174076735677,-0.0429888465563122,-0.13509370558199763,91,0.11528798715801811,0.3931802052894957,0.3452878199467813,91,0.13715014318557905,0.414658671404214,0.37411555832191334
BRCA1_e7,299,0.03357757001536026,0.10870007980802973,0.09717363088014755,299,0.20441559047968919,0.5289383230393353,0.49166566500478703,299,0.32066498310326824,0.5257686109187286,0.48915982468652214
BRCA2_e21,309,-0.010053940664954984,-0.048513666225056526,-0.0501073930312455,309,0.05710632763434363,0.35100098537119606,0.3776046759333537,309,0.07189764156652038,0.3645671881276202,0.3866132779689155
BRCA2_e5,70,0.9387353447649235,0.7863111877572443,0.8436182311258857,70,1.1093415775648643,0.8370674368529454,0.8159741055025808,70,1.923124382865479,0.8384063939171313,0.8172338378094656
BRCA2_e6,23,0.18911837310171176,0.339182051933884,0.42786561264822137,23,0.7953438095694075,0.8626197977287209,0.8596837944664032,23,1.1134724306520334,0.8554428268237524,0.8596837944664032
BRCA2_e7,307,0.3854174976803138,0.682287905579012,0.7144994658729318,307,0.37513935303944723,0.777769911007411,0.8650112057210302,307,0.5387655711596914,0.7444637727809781,0.8633408680840534
BRCA2_e8,120,0.1780489634700931,0.6029288096634086,0.5363402603318389,120,0.19787967886636826,0.813517420091179,0.7676069666585819,120,0.2529692626081019,0.8137319473260538,0.7714336810844082
BRCA2_e9,302,0.0394201461598393,0.11207549373766233,0.025337277233868076,302,0.03816657188395334,0.269407010344644,0.2953649092471444,302,0.05613979431858347,0.28611310343310187,0.3129686151159486
BRIP1_e10,385,0.28481891585964264,0.7176034686396268,0.7327373346244038,385,0.09702205896408658,0.6137760504936413,0.6277773925545991,385,0.14605915611710332,0.6346707177389725,0.6489481507306312
BRIP1_e6,302,0.11721200755476127,0.20739686259608822,0.17835679877265959,302,0.1333835067728797,0.4737989654111004,0.45950561210947083,302,0.19271068994932683,0.46513722262711893,0.4758830935399894
BRSK2_e9,81,1.3083366850226157,0.7998293785748187,0.8126919602529359,81,1.278591133712465,0.8264091815785893,0.7946521830082784,81,2.1132307859280552,0.821142220964017,0.7940198397813983
C10orf67_e13,252,0.939624560216967,0.7160790657974704,0.709401805538996,252,0.8585448523785166,0.766502123646768,0.7256998367536907,252,1.3443550742637331,0.7624870837453305,0.7260185323364202
C12orf29_e2,319,1.2055290048095566,0.7813396200115197,0.8662484473886556,319,0.5590311032715125,0.7722351709842351,0.8170072511663664,319,0.9295223267586481,0.7560061530540093,0.8171991097987159
C1orf105_e3,261,0.15179116880603527,0.5112921671699071,0.4146826186936904,261,0.04487297544224704,0.2802295000802139,0.23993191060917624,261,0.06355589290275691,0.3196119053940088,0.2849927096978875
C20orf96_e3,250,0.2075615763633525,0.554749797647272,0.4613138473107278,250,0.2905740578396722,0.673863944637841,0.6045263606981945,250,0.4512493187640338,0.6751448309645978,0.6090380191559542
C2orf80_e8,291,0.5086299064345705,0.7590118966791168,0.7083751118219638,291,0.30598869110424465,0.8231060456011671,0.7791134325287069,291,0.6080859461581604,0.8232081116664204,0.7791319376350815
CA5A_e3,240,0.5183545232644605,0.6204318031976795,0.5976551666067537,240,0.5230524630025424,0.6113855030846735,0.5960221037166215,240,0.9852102681118351,0.611250745641003,0.5959137240477114
CABP4_e2,81,0.4083738592758777,0.6978052158513508,0.6114498644986449,81,0.32395981411393643,0.7477720015887976,0.6327235772357723,81,0.6243839960295763,0.7479671139315524,0.6316847335140018
CACNA1C_e8,299,0.9269349995681367,0.8058112185026766,0.7878013961527238,299,0.11569838217213499,0.5939264693130608,0.535879173563251,299,0.1754276898322265,0.5956155435700461,0.5422712149592377
CACNA1D_e43,69,1.567073246112931,0.8233685648176113,0.8261234928754111,69,0.7811867415115921,0.7368695114540412,0.6748629886737304,69,1.4489532083667684,0.7410894959771566,0.67504567044209
CACNA1E_e29,400,0.21618686316757615,0.5513221820391778,0.5481223132536076,400,0.09310828912835055,0.5520849986625804,0.6446261203514554,400,0.12011259267049286,0.5128781542359543,0.6502103362697519
CACNA1E_e3,408,0.01537973455317746,0.07929536571713351,0.05138639153379183,408,0.08144416427988388,0.4884538878288949,0.4991139339397382,408,0.11898697102722666,0.4816859079663827,0.49913089594630144
CACNA1F_e32,51,0.04011138643205252,0.09398399581022111,-0.009321266968325791,51,0.20742272070210677,0.6011142459170667,0.6481447963800905,51,0.41263143446236,0.6011936267336484,0.6481447963800905
CADPS_e29,302,0.06786754927431783,0.1887961201908551,0.2532080613524087,302,0.05843633032718074,0.3549771441580849,0.3897483410421023,302,0.08124815706098291,0.33269534863894723,0.39455984597189886
CAPN9_e3,220,0.05804072764935096,0.18590893305553335,0.15301677139280553,220,0.0012673427558426503,0.011397034717457772,0.03004391490637938,220,0.0018726603517276847,0.012896449946650004,0.03463770641565079
CAPRIN2_e6,237,0.8097602234861707,0.7938631257703195,0.801461799051309,237,0.688493804126079,0.8106239406668183,0.8126129776612904,237,1.2735155046782891,0.816460688226255,0.8127301668075021
CATSPERG_e9,388,0.43737618212328694,0.6207214698169513,0.5649605263914905,388,0.18515405765644416,0.4789640987461224,0.42976963311614663,388,0.30644258354225296,0.47396558065153344,0.4298825677253177
CC2D2B_e29,258,1.2447309404612525,0.7884622688612856,0.7934156438987706,258,0.6413898314521354,0.7450106278268447,0.7422655415445217,258,1.1235670458602562,0.7373046845415818,0.7419336298994016
CC2D2B_e30,305,0.9145242459147891,0.6862925131028994,0.7009803289220767,305,0.5534463750540094,0.7930325950257546,0.772352968854771,305,1.064389638366971,0.7948069058027877,0.7723511472563773
CCDC112_e8,276,1.155899586495513,0.9133454525822732,0.8999557369203822,276,1.1609667056969653,0.8668149443050136,0.8949299645824788,276,2.1057830215731266,0.871472792033181,0.8948670223697025
CCDC13_e13,264,0.613164413465624,0.5930030090453401,0.5974981901662437,264,0.5433618761892852,0.6636804373773416,0.679477900377286,264,0.9184614076236258,0.6576378442540504,0.6792270277771298
CCDC150_e6,294,1.0885614143132987,0.7929474271373848,0.8068659364021312,294,0.7637886497917105,0.8622323237794239,0.8593558824682425,294,1.4672090499993062,0.8658059008623591,0.8593506548395373
CCDC178_e21,436,0.3046136186984778,0.748339539949201,0.763199289973348,436,0.2793735476585174,0.7502189023281272,0.8009912026469292,436,0.3947565075941418,0.7273708917365428,0.8022316546151288
CCDC30_e8,401,1.3581559586192404,0.8969047787536745,0.9000200292226836,401,0.7556620927735181,0.8144875108315927,0.8458346740433861,401,1.4357458318477345,0.819539269028085,0.8458934822795913
CCDC39_e12,399,0.2903661039295103,0.730166374670319,0.7305873877901047,399,0.302007954152526,0.7385180570481611,0.6606278325244412,399,0.45532706227758274,0.7359069995826903,0.6624801143075777
CCDC7_e12,257,0.7914462720340818,0.8518584982748332,0.863828075513528,257,0.1449644727366861,0.54723757288546,0.48428725869227474,257,0.16446948770710168,0.5279413872416454,0.4634224799550644
CCDC7_e24,287,0.8357594799817019,0.6900554747687283,0.823906784272638,287,0.5997961781624672,0.7654732739202628,0.8400158987649837,287,0.9563882295727235,0.7451684421193968,0.8386117715874025
CCDC7_e25,278,1.2948948836888947,0.8384783740398617,0.8327865015945636,278,0.5826882848310051,0.8545531951088405,0.8455086271805504,278,0.9334621267506148,0.8430742992903749,0.845532203848425
CCDC7_e31,240,0.7141457785506272,0.8464050654325918,0.8616223505665124,240,1.189553054010507,0.8534747152193619,0.8742716341741279,240,2.2001226885349157,0.8611414139159146,0.8742751064581398
CCDC85A_e5,320,0.3127196169970179,0.4033939605603291,0.5464760177973054,320,0.19146180216476733,0.45140167619446175,0.4647052624806328,320,0.31274791034108446,0.43817225729015996,0.46317599153632033
CCDC88A_e26,240,0.7223002803919427,0.6653258037006606,0.7453132866890049,240,0.3362289014538461,0.7743480657301198,0.7720704291894199,240,0.6530655578887489,0.7752627915305635,0.7721572362708813
CD19_e6,135,0.8280242009121135,0.7539505166931043,0.7696853226156535,135,0.42829409701849475,0.7875901197836856,0.7408213111181382,135,0.8518063356200045,0.7879091036625426,0.7407920456449337
CD226_e3,243,0.9718674525641214,0.8252114842968383,0.772613695452157,243,0.7137849603965379,0.8545412038397081,0.843599561185629,243,1.2747595961350155,0.8529429454316321,0.8435945432916099
CD36_e13,7,1.4405381018222396,0.9591016811651036,0.7142857142857144,7,0.6423203099510287,0.9205701331546544,0.7500000000000002,7,1.1743908259628357,0.9230447453336112,0.7500000000000002
CD46_e7,121,1.4509076808521584,0.8376133127523936,0.8118479880774961,121,0.6710700434062256,0.8792208147400914,0.8866210540577154,121,1.3208576122098676,0.8806776569448865,0.8867294404552227
CD47_e10,87,1.6719347671318228,0.9129330118133868,0.9007932711021145,87,0.564284376833111,0.836406050079271,0.8186739082889846,87,1.057507270623112,0.8364935030636199,0.8174527958008311
CDH1_e14,375,0.08400954168081114,0.21801490474805027,0.24655438538045593,375,0.05305533451487415,0.31655302112169587,0.3347028048623384,375,0.07670476493803245,0.2949550808670477,0.34336043404202854
CDH23_e12,6,1.782255759106033,0.469547918564809,0.14285714285714288,6,0.8662321985938214,0.4004949626486129,0.08571428571428573,6,1.72828665552668,0.40304501945834764,0.08571428571428573
CDH23_e65,111,0.6858976744519104,0.684285320145472,0.6078975078975078,111,0.37027640142093615,0.5763362108619837,0.5591358220556084,111,0.5183522719470168,0.5575510816189875,0.5583021815914494
CDHR1_e6,244,0.6322535518970616,0.65609383072738,0.5771774602255924,244,0.3066383229847931,0.6400158968115223,0.655495935919801,244,0.5333525223293888,0.6425196606866097,0.6555306310507939
CDKL3_e7,255,0.6649962733399927,0.8037041759610363,0.8155833196732671,255,0.29416791607803583,0.6725864365261669,0.6585291628419937,255,0.37014717565925215,0.6437730232243352,0.6588526655293533
CEP290_e5,15,1.213943929905814,0.8579278719681139,0.6964285714285713,15,0.950800949289033,0.9344422212731449,0.8928571428571428,15,1.5376423987762944,0.931845887835813,0.8928571428571428
CEP95_e5,304,1.058785983806016,0.8518642865538598,0.8599924888296216,304,0.6954970237966168,0.8403446761263024,0.8402136274074641,304,1.262799626170223,0.8404685693032401,0.8419589019037758
CFTR_e9,267,0.6437079787619966,0.8381046805582019,0.8465931031439605,267,0.01798384509425064,0.13045253129797277,0.1105475142094746,267,0.02061342235972361,0.11486431049182781,0.09168397153824649
CHRND_e3,119,1.1641492177617647,0.753374981247628,0.7203176185728529,119,0.7558533556366198,0.8274042816441721,0.8047927645634527,119,1.4478598537632843,0.8293196452435907,0.8050348953140579
CLASP1_e21,69,0.8259839663804737,0.5874813707406458,0.5980873044394954,69,0.27452127174644453,0.5513116588277357,0.56141761052247,69,0.5021234015839534,0.5493686195118267,0.56141761052247
CLCN1_e16,389,0.5455923100088047,0.7219984330795371,0.7222632550294333,389,0.06405026087815653,0.4498764437488295,0.4266204068095491,389,0.08561227376522934,0.44393130739446623,0.42165939724186735
CLCN1_e20,104,0.5399655808049492,0.6825592839354863,0.6658273765069883,104,0.31313523048520875,0.6654160559400928,0.6321882001493653,104,0.5477131201611375,0.6686658894385688,0.6306732102848609
CLHC1_e7,321,1.002644421525398,0.8758784306912356,0.88171265325803,321,0.9164084057585857,0.8695818240271801,0.852512898543367,321,1.5659285529456095,0.8660999197480468,0.8526449587294341
CNGA1_e10,309,0.5224139642264229,0.7626137555954267,0.7704959623006739,309,0.33292089867212266,0.7398356115454239,0.7140726568408214,309,0.45067266682988866,0.7252135543932664,0.7104262745760926
CNGA1_e9,302,1.208587820727564,0.673737301919162,0.7387969330914742,302,0.7630628055278015,0.7733983745256049,0.7875623999576461,302,1.364280238627698,0.7655675501277044,0.7874592300811725
CNKSR2_e12,258,0.8021102154779165,0.7809137759724162,0.7959785606152451,258,0.1804707095176284,0.6877340719996665,0.712707407336297,258,0.22699915904952073,0.6827493377107359,0.717300452399209
CNTNAP2_e4,428,0.016031635223884337,0.10714276309777311,0.09370336909036808,428,0.04089330064209798,0.1993638472970254,0.23205393767471838,428,0.047861382058226515,0.21186808360523426,0.24763945914481317
COL11A1_e44,141,0.21485333680762175,0.6453035221520119,0.6324620755656332,141,0.17125065994427732,0.7178047238532157,0.7358022683016702,141,0.23543233510803604,0.7232290477214739,0.7422652607853488
COL11A1_e61,95,0.8264995487390973,0.4976141604658766,0.6292553191489362,95,0.9942053818654145,0.8004219279642079,0.8096584546472564,95,1.6839714344559107,0.7919561902129459,0.8106802911534156
COL11A2_e26,123,0.12228298140680006,0.49647960691330184,0.41479604093261946,123,0.5124966383143618,0.7667495058554211,0.7791979982200669,123,0.8825516759150932,0.7572834956576816,0.7793721221188944
COL11A2_e62,150,0.7593073667315541,0.5672944297193745,0.7894825267351778,150,0.5580966141147883,0.8018170774288433,0.7774012665486602,150,0.9613111326456529,0.7970044712094764,0.7775292724653782
COL12A1_e22,407,0.16773202203023266,0.41554133734375914,0.41674743800380487,407,0.08646527016543508,0.3202066957699751,0.2181682179449515,407,0.13193823547644043,0.30176793347518255,0.2165247347817009
COL12A1_e52,435,0.18122975132555785,0.5249079732646001,0.5965386021379189,435,0.10862534077767286,0.4406130234984692,0.539937827111715,435,0.152205633804518,0.4601488179759826,0.5510027962622547
COL18A1_e18,54,0.3571612311349285,0.6500908249430565,0.679359634076615,54,0.06836617201996578,0.22567517060286107,0.1659996188298075,54,0.10004472822140605,0.23284735872844134,0.16920144844673146
COL18A1_e19,96,0.8895194071812528,0.6841367365601021,0.6542322300596853,96,0.4740410278801467,0.6552905310365669,0.6712176859021433,96,0.8045781554667414,0.6454121526500245,0.6716110675942972
COL18A1_e24,69,1.4337419449578956,0.754679466176567,0.7715016441359153,69,0.47620856024532854,0.7186575525863479,0.7607599561563757,69,0.9069433200130302,0.7245916120215237,0.7607599561563757
COL18A1_e27,42,0.6947695520045069,0.5133468797988887,0.35143019204278425,42,0.11713394522246177,0.6743892913891109,0.7085899537043032,42,0.15402446885660065,0.6696479736585691,0.7158833086715249
COL1A1_e11,150,0.01088932740352405,0.08872849077650853,0.08259752219881676,150,0.2264812982113983,0.464758173597235,0.4884745681369469,150,0.29054573940233797,0.4576192181975008,0.490593779086448
COL1A1_e15,123,0.6261279335710641,0.5430396295581692,0.7325069972011196,123,0.4846850571717241,0.7580819468089351,0.7408693633352476,123,0.8570029981352655,0.7556632936362696,0.7417593313641146
COL1A1_e8,149,0.7157636530417331,0.6045975193344418,0.63224015962271,149,0.18504638666699955,0.5259713996256041,0.44509180615279953,149,0.2936434180015882,0.5272124340887908,0.4459080623484192
COL1A2_e16,149,0.05098919830873754,0.23089647967322505,0.13982974756008412,149,0.0527666108886694,0.32284744027208107,0.33586742215529264,149,0.06991926886106078,0.3202585126208511,0.33100452144216486
COL1A2_e33,145,0.02278787124495814,0.11328529233041447,0.15502132052496462,145,0.04807278481828163,0.32152677981315225,0.29474823728209953,145,0.06494125700459831,0.3331768630813018,0.3126395607829161
COL1A2_e38,150,0.014195585574710949,0.11452927000204421,0.12655007440437138,150,0.08728665567131454,0.35245347436452384,0.3112627052212991,150,0.10300456350291232,0.35902821812838587,0.3199103236602333
COL27A1_e26,150,0.25269242797091845,0.6831838957761232,0.6895328681274723,150,0.12309898022934809,0.6446736622581547,0.6536206375709384,150,0.19511373372034346,0.6422267500305049,0.654207335528186
COL27A1_e29,150,0.4224440440824018,0.576087038301967,0.7765792049242634,150,0.30411531832537475,0.7755853526711279,0.7344156964025144,150,0.5880521065078718,0.7767731065182146,0.7344156964025144
COL2A1_e17,123,0.050797712513847716,0.4998948499273582,0.5450248046349911,123,0.012675792029252526,0.22342189705094687,0.30788082445533044,123,0.01670725780505876,0.2286664921644421,0.3123114603379592
COL2A1_e31,150,0.12609955905491804,0.4087684216869792,0.11507229242432176,150,0.03545347757848341,0.4286060444989938,0.4299456401980467,150,0.04471065953697608,0.42912203052565434,0.41985056549477284
COL2A1_e45,149,-0.005963502771909563,-0.0709366536668759,-0.10729224484832021,149,0.03138521487866101,0.14265922091021102,0.1196696853414569,149,0.040691373597825334,0.14381742416058102,0.12203129734174603
COL3A1_e13,150,0.11519990278570788,0.5347008992058587,0.6221988730158226,150,0.09980141940066398,0.6227073685607202,0.6408059568402306,150,0.12410554628372887,0.6188819627184531,0.637630631217385
COL3A1_e47,311,0.03587552163372298,0.10800399681245249,0.06099196011264689,311,-0.009953472790579608,-0.09949118711330492,-0.10217917241388454,311,-0.011180553766324161,-0.07937285980845414,-0.08132419574789437
COL3A1_e6,149,0.2033043337687916,0.46709813111968923,0.5547837427752533,149,0.07807224169931257,0.5961342128964493,0.6585511191407853,149,0.09629688510523368,0.5955261002450472,0.6591061834222695
COL3A1_e8,29,0.019922570486358666,0.1636506522493004,0.17881773399014775,29,0.14798452232646409,0.7517361939575302,0.76161148481352,29,0.1667580667115988,0.7515699490682805,0.76308986362584
COL4A1_e17,148,0.14646738232330844,0.4747802449936536,0.5317862156854316,148,0.014084450721625456,0.12837557662903068,0.12756651311429765,148,0.020157452689634633,0.130628976799346,0.13407484133476302
COL4A1_e41,141,0.18931563757347278,0.6755046163234047,0.6119482854574253,141,0.24407530442835149,0.6462863499760069,0.5897024260614253,141,0.39227256641129515,0.6393022671979496,0.5842355590428083
COL4A3_e18,106,0.6804446601919065,0.7450920233214324,0.741957180537862,106,0.6027538952839324,0.7717418366936226,0.8459631710204801,106,0.9757736741856251,0.7544111021045208,0.8453485150011336
COL4A3_e4,119,0.4247024891402309,0.7351077814047933,0.8258581398661161,119,0.7296292398846537,0.8242048521794819,0.8246830935764138,119,1.3370746165128973,0.822371486140378,0.8249821962683379
COL4A3_e8,69,0.6963114327982458,0.6966143979102555,0.7540007307270736,69,0.4940877820668257,0.7447220584633274,0.7812568505663136,69,0.8470651619355153,0.7442189360845409,0.7812568505663136
COL4A4_e12,66,0.5911629106792146,0.5452696765272773,0.5888529381066695,66,0.3870729207669141,0.5296067593838845,0.7016470790826148,66,0.5625992829790042,0.48418795918272367,0.7052376684016536
COL4A4_e17,102,0.4486135936296725,0.7226291139480726,0.6824784705769263,102,0.7045066425536897,0.8374770932604775,0.8356799547772841,102,1.0990231956353933,0.8262342862508106,0.8348091603186893
COL4A5_e12,76,1.2654138885209953,0.6275420600965312,0.670622009569378,76,0.9896325151273132,0.7975563996151336,0.8145454545454546,76,1.869595107859097,0.802363234828082,0.8145454545454546
COL4A5_e17,141,0.08396546537468871,0.19285791423145765,0.012791657168183581,141,0.07589451607767797,0.4791983096175878,0.4872058328350177,141,0.09244311736906671,0.4761643884800277,0.47415265687028946
COL5A1_e23,150,0.23286534315821,0.3578402913221023,0.3070343633357036,150,0.08609806829347813,0.5096431748923462,0.45206557133103226,150,0.12866407675798808,0.5089857684839928,0.4520300139739033
COL5A2_e29,143,0.3819520092867676,0.5456983002446537,0.5048923397975545,143,0.27819870882195,0.6379256201277328,0.6123262640344121,143,0.43472791223094,0.6340062043128457,0.6123262640344121
COL6A1_e10,123,0.05718411866285653,0.3285970848388109,0.22694829640479192,123,0.08931519995008334,0.6553792408567669,0.7343869230729196,123,0.1052239799070257,0.6525000357467589,0.7418816544085899
COL6A1_e14,150,0.7415791387603533,0.5156861240047763,0.5575234454864662,150,0.4421659086948343,0.5476919323269619,0.5801797060851092,150,0.7189006904356586,0.5330624589032549,0.5801802218258467
COL6A1_e9,149,0.05305506341741788,0.31080021738702873,0.16671397929601534,149,0.19226114127134045,0.5018084807234641,0.5052494676461138,149,0.23869536625127805,0.4985348089960464,0.5121967589284909
COL6A2_e11,150,0.19142473902381094,0.5450868535352205,0.573109157046387,150,0.1423242129869749,0.6224263723546283,0.6480381176140978,150,0.2078665318258679,0.6173067356127144,0.6478069941763942
COL6A2_e6,150,0.10332272037517273,0.544550582128646,0.5253713723913116,150,0.017685293007064222,0.23696641043768693,0.3297138826977538,150,0.021600334379831873,0.2368018472161879,0.32309254360960926
COL6A2_e7,123,0.051161569416099784,0.44606323718368823,0.28667288999419765,123,0.03501455863707018,0.35714035512365117,0.3316285079264567,123,0.044930039640694815,0.3610393627203082,0.34537246153098583
COL6A2_e8,51,0.7946627162465089,0.47401345410501167,0.45484162895927593,51,0.5308083261153043,0.7307866410810403,0.7766515837104072,51,0.8985980808143816,0.7273734660700213,0.7747511312217193
COL6A3_e18,69,0.5116485235578982,0.7566725780270388,0.7218122031421265,69,0.3890325943013537,0.688245167228824,0.6619656558275485,69,0.7596816274804976,0.6888573347442614,0.6619656558275485
COL7A1_e65,123,0.7525020986786405,0.7860023424474386,0.7532019450284404,123,0.19656069116063768,0.7543707539586323,0.7352907509008828,123,0.2517371719077423,0.7475898510052307,0.737973587678601
COL7A1_e70,96,0.8942737268391778,0.8548020835616339,0.8524823657080846,96,0.7191966929021096,0.8294042696198972,0.841710809235375,96,1.2853348234084163,0.8243432926058625,0.8419685429422019
COL7A1_e75,96,0.9065855913824783,0.7385247471463317,0.8297883884970157,96,0.8387423573416889,0.7740587930213977,0.8185024416711882,96,1.3531523759570971,0.7558497983594068,0.8185024416711882
COL9A2_e3,96,0.6616073769875909,0.6525971355511906,0.6944384156266956,96,0.07600616780522672,0.46118609914184777,0.42277679997801426,96,0.10535163586118682,0.4625178132598309,0.4228717541795687
COL9A3_e3,96,0.4732193517200478,0.5948113124604166,0.641589799240369,96,0.2042137542721958,0.6593892223621419,0.6704422137818775,96,0.3266155898497965,0.6521644829599844,0.668787303309821
COLQ_e13,406,0.3285081269134444,0.5859589047823169,0.5493396508025743,406,0.06914864025129414,0.468760081561385,0.4492968757741347,406,0.11020651446211045,0.45877727194988904,0.44840892647617586
COMP_e12,147,0.2562128041785011,0.5316246432705833,0.5964134497076707,147,0.16260697558173287,0.5959266602759198,0.5752499327184567,147,0.22161162492441183,0.5912840547488813,0.5726507270250816
COQ4_e4,289,0.24738108804974804,0.421856267889588,0.39089637161640367,289,0.06680238664230165,0.3017956974653675,0.398481831457562,289,0.09959090339941888,0.3121957947317767,0.39571664117591243
CPEB2_e3,258,0.9933902610071123,0.7526539553362855,0.8026998736640175,258,0.742477232251192,0.8274694983412345,0.8359827475678144,258,1.1862820278716175,0.8188452420716225,0.8356794848734929
CPNE4_e3,310,1.1617893017008607,0.842036359296467,0.8427062457472072,310,0.8898146669679644,0.8094879870326722,0.8209035365165468,310,1.332839597461618,0.8014414277655285,0.8209670258097325
CPNE7_e3,402,0.1836035382976676,0.316183354758874,0.28901944552798936,402,0.054481826811736744,0.3369315333666776,0.297638874413014,402,0.10806769676050815,0.3375635528551849,0.29826820373627394
CREBBP_e11,119,0.5556221713744841,0.57983833704194,0.6780444381142289,119,0.4074815908492969,0.7497225667515615,0.7430333502064946,119,0.5941214756507464,0.7451435604438184,0.7433609412020236
CRYZ_e7,294,1.2932628676999376,0.8114693590019354,0.8295166746176759,294,0.6567926782700579,0.828066676835326,0.8329445386788235,294,1.1123161148712155,0.81978243632254,0.8328165669969263
CSGALNACT2_e6,272,0.3311390175096615,0.5311477560499348,0.46696370443380275,272,0.2533527737834722,0.5922106944991524,0.5432354301863722,272,0.3168985331593192,0.5968542873640468,0.5400164675265473
CSNK2A1_e4,290,0.043314910058707225,0.10956719798064725,0.1876888093493544,290,0.15749198914666626,0.5973004187524232,0.6270187355861632,290,0.19363610907064155,0.5893284913258079,0.6351048715833405
CYP21A2_e4,292,0.2471966128270327,0.5152013732462842,0.49174954078428407,292,0.02597252761598006,0.16578812609605043,0.1744758846659398,292,0.041644144696606704,0.1677155307129258,0.17355527951022529
CYP4F11_e5,235,0.6364572050008132,0.6580906551842156,0.6512302699103996,235,0.2787482230893212,0.5582434383764749,0.5632696992379952,235,0.5325694385485904,0.5594362118375807,0.5632696992379952
DAG1_e2,243,1.2913528228696574,0.8052282547744948,0.813236440668593,243,0.6604040672347171,0.7889152819078034,0.7706824830520806,243,1.2643346780675426,0.7911500758164295,0.7718667048026213
DCAF17_e8,302,1.2730521670701225,0.7494753126663796,0.7570137829874698,302,0.9631916943714408,0.7193841019320287,0.8004851270545115,302,1.774306599499441,0.7324929949077903,0.8005173672000279
DDHD1_e12,240,0.9213822311166582,0.7802933440626865,0.8971772290268333,240,0.6146399017184984,0.8546546578341628,0.8781186284908428,240,0.976887876721237,0.8374693614694189,0.8752964736974533
DDIAS_e5,320,1.0746750421313687,0.8106262604146143,0.7902328373994576,320,0.8661181811896284,0.7910724337079603,0.7868854860424964,320,1.624074879063625,0.7938402648320201,0.7868854860424964
DDR1_e12,157,0.6542544196814233,0.652538155509659,0.6409801598868761,157,0.08562775219451603,0.3064567963786785,0.2871077654838469,157,0.10939335279709252,0.30760748395065135,0.29005376454642423
DGAT1_e10,105,0.7308999104995985,0.642565692929563,0.589467136636948,105,0.17555092729721453,0.5778937155807078,0.5911636718962211,105,0.24328100189778623,0.573893468960627,0.5965405170125602
DGUOK_e2,310,0.18027302948654889,0.3707454913560746,0.37336826505897697,310,0.2607668620422749,0.6047333201890985,0.6194094390661152,310,0.4383464902210208,0.602929937802643,0.6194042025255351
DGUOK_e5,227,0.12931371648487636,0.3747055630104908,0.3539372513273558,227,0.08981325851245822,0.46628912798149874,0.4296928339945877,227,0.1289571278482865,0.46450793474708996,0.4273834848237384
DMD_e71,105,0.19683278684191646,0.4419223780640578,0.6178603455419183,105,0.48112034190171676,0.8173664535767452,0.8451629958800868,105,0.6409383406473674,0.8014403829073744,0.8468631912989123
DMD_e78,84,2.1616330466575877,0.8213658256030815,0.8680773514224968,84,0.8418605002122005,0.9068409061228453,0.9146299483648881,84,1.6246687917536158,0.9082433074189887,0.9150956768249469
DMXL2_e36,321,0.00133404754662776,0.003223935316779154,0.1584448891601459,321,0.022034448095710053,0.13689227935905418,0.24745929388252258,321,0.03223968112776889,0.13133845365672053,0.2722284312511638
DNAH14_e12,376,0.29450457441082817,0.5413774434675702,0.7957540020197437,376,0.06195717815448332,0.3204347978100762,0.2687138392950952,376,0.08064151191922717,0.29579918174441594,0.26355278580857716
DNAH17_e15,313,0.08718544208853873,0.32131125475247746,0.23810620955946601,313,0.06042161757462189,0.23495552739812287,0.16446852534456025,313,0.10144923705320899,0.2631758033676345,0.20248579434501562
DNAH6_e7,333,1.269834392993583,0.7853144810460968,0.7984004961747402,333,0.9213524872697332,0.7436876988524062,0.7483690217640732,333,1.7268627578694666,0.7472773212524907,0.74839378081753
DNAH8_e34,397,0.294332788367779,0.5729476759385201,0.7213861580296699,397,0.15696339559129968,0.7190507788287169,0.7309601003207618,397,0.19172027020384527,0.7271806045804623,0.7367449396086797
DNAH8_e39,295,0.03073076636619203,0.21514095141766235,0.22800415034890498,295,0.0028866617360325027,0.02383774115447346,-0.008208251186341836,295,0.00752242326676569,0.04860753502125865,0.0140334607036544
DNAH8_e4,243,1.0349009538268543,0.8373720690324947,0.8692781432473433,243,0.192011831888999,0.7365319602006756,0.7208340784337266,243,0.24992741179563968,0.7282203980325218,0.7200069418294176
DNAH8_e55,393,1.1468292843629933,0.8270891175812869,0.8366154233493565,393,0.5763489114564362,0.817132366091869,0.8228552025733269,393,1.1201271419368768,0.8194452389294088,0.8228892476375298
DNAJA3_e11,272,0.5569331955123474,0.6394095487054523,0.6306847159325409,272,0.2676939225363166,0.5757448148453794,0.6429375185609832,272,0.47910499868153583,0.5897489353846076,0.6425779363204099
DNAJC5G_e3,202,0.20882330756928008,0.4013642931324294,0.3523999590886311,202,0.17412630157443973,0.5711627126956373,0.5052495258269122,202,0.2983487918701258,0.5682647157994255,0.5038199891581477
DOCK7_e7,246,0.06533078207012595,0.3478665243238231,0.35702385805752035,246,0.049949994499007125,0.29181748704665283,0.286806555108196,246,0.06837673118028191,0.3361301664156126,0.3308729731521896
DPY19L2_e8,264,1.400800751895625,0.8427329573160381,0.8335442088580762,264,0.7668231750558342,0.833462824114564,0.8137312576224979,264,1.4055160102654982,0.8383810630770893,0.8162845906514747
DPYD_e17,298,0.0347775382423342,0.12916274153242818,0.12318408233180476,298,0.11720249720666938,0.2602444681357727,0.24264114593922678,298,0.12720392682584872,0.26336470682595525,0.244804331299165
DTX2_e6,357,0.37384107412478895,0.5826312382451403,0.5024493103464236,357,0.3349453029083947,0.6461844004523436,0.6564943388665098,357,0.6518888516375942,0.6534855292561724,0.656690299531692
DUS4L_e5,295,1.2777552323975059,0.8464542759262262,0.8573232199292402,295,0.7155728985659386,0.8072294760448889,0.7888361285511455,295,1.3203296535919464,0.8042134260844027,0.788778818494664
DYNC2H1_e67,318,0.3339236362692156,0.6574835457794848,0.656001525510769,318,0.3085546707001761,0.6958117761277093,0.6762559832956778,318,0.44961480698326717,0.6902276417309404,0.6750416922770622
DYSF_e10,136,0.5165723598889169,0.6401758575728878,0.6113067124660082,136,0.3763121728596831,0.6089441501040186,0.6538292726054684,136,0.6076991644349494,0.6019764341170556,0.6524648273764788
DYSF_e17,114,0.42054732108659865,0.6177516754503867,0.6989747047962022,114,0.4157312985296437,0.7050329870492117,0.7398270589902999,114,0.8196976069750592,0.7066869056651753,0.7396245519531804
DZIP1L_e2,395,0.14687056263436002,0.3573917375530516,0.3611078591490036,395,0.522948009727095,0.7205882182972038,0.7151087203933164,395,0.9265928487323086,0.7214606599067309,0.715477964094541
EAF2_e3,397,0.35759328871986934,0.645076070472056,0.7511911351630121,397,0.399465207555799,0.6129775706094936,0.6634387331111288,397,0.47092151186718717,0.5806359633365321,0.6575983040918151
EHBP1_e17,312,1.3198231196834027,0.8353166347803134,0.8322648967948526,312,0.22451700021426374,0.6624672599913732,0.7004390879529954,312,0.28552541636130785,0.6459516429731379,0.6976910229824328
EIF4A2_e4,404,0.7955179328092409,0.8052143171032317,0.7840100216487011,404,0.23671469986374946,0.6860118823618112,0.6860359013513162,404,0.3335697761868731,0.6809593763049803,0.6862829151165397
ELN_e19,150,0.7574760959269593,0.8073321608784276,0.7860231886070829,150,0.01475415725385711,0.049688712585553255,0.09870799017245775,150,0.01810403809471065,0.05609304612229646,0.10121129264841772
ELN_e8,141,0.4506470815855768,0.5521320913236518,0.42541892356174404,141,0.3216002905774273,0.6072880933796945,0.5952309602294619,141,0.6295847811408534,0.6122745964076863,0.5962369964467656
ELOVL7_e5,327,1.0251158244925078,0.7576885285878286,0.7383469110221663,327,0.8802078723099701,0.7820739265134752,0.7908002900005578,327,1.646272652277942,0.7858158592106066,0.7916514158976935
ENG_e10,105,0.5903694749336507,0.4890394963078212,0.47142857142857136,105,0.4844514883646151,0.6462601510245415,0.6132159092758583,105,0.7830440075833567,0.6359787152437888,0.6103235036548077
ENG_e13,153,0.2769543330537409,0.5079113221834407,0.6186388430970473,153,0.21382980158152903,0.654109590953423,0.6234452025266689,153,0.3333866721350643,0.6475422915998373,0.6277429125754367
EPGN_e4,69,1.8179945357992848,0.792909908823927,0.8094263792473513,69,0.5387342854953271,0.8306955534316658,0.8173913043478261,69,1.065781557890284,0.8312267677704686,0.8170990135184509
EPS15L1_e22,384,0.07025853461504514,0.290953808329535,0.2288899975141168,384,0.3991012280544729,0.7140418930773132,0.6651277772216628,384,0.5816251329015713,0.7114615506197948,0.6653324656951897
ERBIN_e22,323,1.381947556722283,0.8746049235153893,0.8522598457870205,323,0.293699617161631,0.832009611190687,0.7978655062391632,323,0.5785272680242866,0.832269771643465,0.7980091227032655
ERICH2_e2,81,0.5496490136614011,0.6644564851559541,0.7785682023486901,81,0.6208800845358641,0.7781341195785078,0.842258594517684,81,0.9567259702257622,0.7543169020435385,0.8420779250242896
ESR2_e6,398,0.07719925268226432,0.3196398248742982,0.3716918417933544,398,0.005167333033748034,0.09013080893309565,0.09297053967086108,398,0.00777743009132746,0.09536459405144418,0.09364835091728167
EXD2_e2,240,1.1478692749309525,0.8293835670501496,0.8171996153578283,240,0.3999311851723431,0.821367242888781,0.8101875944841794,240,0.7385306350983469,0.8244382801080127,0.8132015370065944
EYA3_e7,401,0.1430480232073175,0.4774374405316078,0.5179476299678744,401,0.2918895077706742,0.6482725118139522,0.6760515124814978,401,0.5214254432118819,0.6467679762679613,0.6758495917876648
EYA4_e14,258,0.058629180966991705,0.19893466347198566,0.1165464069254398,258,0.021041237165654744,0.12011479975242098,-0.014106289819852019,258,0.046808675928291306,0.19727784356000533,0.06583494273976015
EYA4_e19,288,1.059765270676382,0.757625606571245,0.8236355116912073,288,0.42657517760539,0.7969780062681759,0.823278441508658,288,0.6879197003221961,0.7823795095858759,0.823278441508658
EYS_e17,279,0.13461311494573341,0.27938214079941703,0.25992151527897706,279,0.06719913182223256,0.33662067479605057,0.3737009384710457,279,0.09537464222730642,0.33418322486369384,0.3772784010414686
FAM20A_e3,141,0.3066926101996776,0.7363921732942232,0.6430890054040728,141,0.23518792959504306,0.5868570738608777,0.5914255380230489,141,0.34468771950090865,0.5737538954751965,0.5910151923068926
FAM221A_e5,311,0.8801203540156617,0.8749908866578716,0.9029332566842108,311,0.49741946044078145,0.8141371895630032,0.8568532851855635,311,0.7317051185487805,0.7942966199807355,0.8557959567446235
FAM227B_e9,291,0.7134133018590735,0.775204790309644,0.827933135280239,291,0.6450478134532879,0.7897503113052624,0.7861788265529427,291,1.061009472559566,0.7791592907974944,0.7861671391159148
FAS_e8,45,0.6813620301909104,0.7609160401771596,0.6521739130434782,45,0.7541809033295109,0.7900132340274453,0.6676109229880849,45,1.2592916398123453,0.7834170467906495,0.6676109229880849
FBLN2_e9,405,0.634802871262547,0.6260860554573786,0.651110253262,405,0.10110076107260753,0.4032618634628589,0.4457075456919668,405,0.15652970957543164,0.41537977568392415,0.4498049265608404
FBN1_e18,147,0.02296980581014016,0.13443860052496712,0.14780268041847694,147,0.35948849916074266,0.6408956540823321,0.593871986322995,147,0.45452346771276353,0.6398840295115915,0.5934261889548548
FBN1_e23,141,0.056517918420383825,0.26165027630757703,0.249979665140632,141,0.2977490465382319,0.7941355965915851,0.7383843142304244,141,0.38897623809606574,0.7950975019662535,0.7460988506964339
FBXL13_e3,261,0.9993917764921467,0.893106053571282,0.8973435818710148,261,0.7528100211928334,0.8900485982406255,0.8745124388420259,261,1.2700388017010507,0.8890441740269336,0.8751504066106937
FCRL6_e9,66,0.6871848384986025,0.6677791234420017,0.6617889573113456,66,0.2894012010960867,0.760936756233706,0.7396591134847466,66,0.45296885789614116,0.7569206226471848,0.7397426129472233
FETUB_e3,252,1.4069332008691307,0.862277170568807,0.9039649615288228,252,0.3565692041230706,0.8202402880630221,0.836206531313697,252,0.5571707450645266,0.8127355960547051,0.8360738039271254
FGD1_e13,80,0.43611936593759526,0.7192614474931713,0.7304969526488514,80,0.6293807927481285,0.821265062533779,0.8055485557367331,80,1.120677350838468,0.8195375906058116,0.8063455599385996
FGF5_e2,300,0.12689898983559958,0.4471114675496835,0.5186635655914995,300,0.13343390827881757,0.6336848636211869,0.6319044854068427,300,0.18293104694117138,0.6371624746471055,0.6477765425868419
FGFR1OP2_e5,323,0.3291720304390872,0.42967307954910444,0.3920242101525382,323,0.20593222671059558,0.5109440658992855,0.5617344241190362,323,0.40402511375579025,0.5273398810607709,0.5628379660841505
FHAD1_e19,120,0.1660429459833001,0.2886517303399995,0.24930897979026315,120,0.4750405918235317,0.7896996175974088,0.7651308513291123,120,0.8110611505279295,0.7862968455212084,0.7640821655719648
FHIP1A_e2,41,0.09788050502369287,0.1954587973447216,0.0839721254355401,41,0.19468094226248542,0.6925525942736416,0.6202090592334496,41,0.30954993822631854,0.6925274519219715,0.6202090592334496
FH_e2,389,0.11004746689082816,0.2883911441297947,0.38277547759468633,389,0.09704049594667741,0.42450753863519014,0.49414601882791526,389,0.12402613081579976,0.40979672118152227,0.5032446861695807
FIG4_e6,434,0.04340785415546563,0.17273361524338135,0.1135459413782328,434,0.11703167249709524,0.5246458172552384,0.6182136462995051,434,0.17940459414369544,0.529185005873633,0.6330000026446703
FOXJ3_e6,290,0.19764037647994592,0.3356197992108106,0.5123688212179989,290,0.0941413566541581,0.3176452904477319,0.22262709034997424,290,0.13916711974093035,0.29542054234173504,0.2633553264140971
FOXM1_e9,323,0.957519329210757,0.7023537710902567,0.697873911832722,323,0.5286124813062755,0.7858634714065734,0.7930128287706538,323,0.9983459930666314,0.7883553597630105,0.7937746079685681
FOXP1_e18,346,0.4140511316859997,0.7185627895861276,0.7178653867867844,346,0.10440133824586803,0.5953742711304149,0.5602709993550001,346,0.13186226271598211,0.5735726292873197,0.5487024563957492
FSTL5_e11,69,2.1253422329486464,0.9211462354705562,0.9173547679941543,69,0.8020799430108045,0.8903447232576717,0.8955060284983559,69,1.5745098625790144,0.8923272258847323,0.8955060284983559
G6PC2_e4,329,1.52457212655495,0.8635675096396694,0.8429714483663022,329,0.4640339066760189,0.8560259781385591,0.8368966912495263,329,0.915028116308657,0.8567568209008662,0.8369694778850238
GAA_e10,247,0.5518187710415877,0.6038567699689726,0.5845830532877615,247,0.11123371046026717,0.5171936541965831,0.5501345523406834,247,0.1664096077720303,0.508995250052365,0.5516308832839009
GAD1_e12,322,0.9525588003522095,0.7162088117867383,0.7751265204014273,322,0.23130685757062502,0.6362140631529688,0.6446932100142939,322,0.45932698053750776,0.6370358744551128,0.644742208771903
GALNT6_e2,252,1.069196233061607,0.7760369992282761,0.7803397327947398,252,0.43710972461070297,0.6345443254465141,0.670437767094618,252,0.8099148076998377,0.6420422666093963,0.6707985807192168
GALNTL5_e7,320,0.07023556726041134,0.14499394883562927,0.11413381878795147,320,0.05232656667656257,0.29235806738294906,0.27462292201088384,320,0.09036362239022872,0.3116457529344113,0.3229859476023633
GALT_e4,135,0.970840921010986,0.75612867943339,0.7646668617695834,135,0.43772665285804224,0.8405830428579817,0.8103550873085553,135,0.8714607365858995,0.8406055842595117,0.8105584949748673
GAMT_e5,249,0.5515200378579,0.6999882525820675,0.6997906528936495,249,0.04223762474561834,0.21653269125916302,0.26736608668217654,249,0.06138811801739529,0.20483796194051943,0.26262073511705025
GBP5_e2,311,0.3725120011065947,0.589547474851666,0.6194216324243123,311,0.19519752202238091,0.6733992227824752,0.6600285542324948,311,0.28522201905652145,0.6510360719619116,0.6543244956557301
GCNT1_e2,218,0.3507055993111045,0.4225914431652848,0.41549075126732454,218,0.06918545104111422,0.504209743960155,0.47599987954573425,218,0.09667868971161697,0.507154935597647,0.4805515859505452
GDPD2_e2,225,0.7521815899195032,0.6132575701829847,0.6285882848714708,225,0.2929559459568176,0.5786612363285403,0.6162147896932955,225,0.46605390383433914,0.566893287836167,0.6164623670566128
GFPT1_e9,120,0.7755149991397956,0.5891398878207807,0.49120077783179383,120,0.568848323526732,0.8688430323555105,0.8636224737829015,120,1.127236542026754,0.8693246688115631,0.8641780679213833
GIT2_e16,256,0.6575602953004588,0.5329126275177936,0.5332957579852021,256,0.6257108895962556,0.6593374688230385,0.6406769713959553,256,1.079314356397147,0.6522126547439385,0.6396784589720395
GLB1L3_e13,308,1.207592062572603,0.7990239038572882,0.8204440005142071,308,0.9630425637032063,0.831686674030499,0.8504455778178618,308,1.8071081522355334,0.8338343087874817,0.8503827393939315
GLE1_e10,69,1.1809005714863225,0.6250804214291381,0.5840701497990501,69,0.6473466513679992,0.7401335982851911,0.6749360613810743,69,1.2509641631784072,0.7412709208030608,0.6749360613810743
GNAO1_e2,117,0.03781827190923113,0.27234846677961444,0.17636700822482956,117,0.25310993300066714,0.6326557469466133,0.6929872543410708,117,0.37125833813118564,0.6455600702943503,0.700944873649386
GNAS_e4,152,0.03166983215559626,0.16068652265529018,0.1441306600582753,152,0.12582575016266265,0.4647145544834345,0.4792630428925569,152,0.16818086523930031,0.47319430419882147,0.5004771290053558
GNAT2_e7,374,0.2705224196007848,0.5794489891829985,0.5299630198744378,374,0.026963550217841564,0.26763433954232596,0.2310090388281934,374,0.04201276967528311,0.27452984538559877,0.24018346037750546
GNPTG_e4,153,0.5560736751819277,0.6184331494703057,0.5736170084446148,153,0.33930646800178427,0.6672393467735431,0.5732300112164195,153,0.6143736192381696,0.6673607239681514,0.5736241901958619
GOLIM4_e7,239,0.9901751550535174,0.7590710820087707,0.7366161527372455,239,0.45820250604505697,0.6539616474700325,0.7113208044724165,239,0.887438527914393,0.6597383686558307,0.7110910989177545
GPAA1_e4,123,0.652561268849529,0.7203789227454922,0.7017515574415396,123,0.5402471207357278,0.7488608747013743,0.7840412222207892,123,1.0469615465575302,0.7507564154511768,0.783841302188802
GPC5_e4,383,0.039526976938384854,0.12929315139460099,0.12294839398483894,383,-0.018173467249069555,-0.046909632485081905,0.0031950476921137594,383,-0.020052863514809373,-0.03759555812900674,0.0038238687908591484
GPHN_e17,321,0.04353360724714513,0.1593880557731491,0.11872833953277685,321,0.019577288997467593,0.12517897684344478,0.05715640562297411,321,0.031850816285339235,0.151593700891917,0.08491649687321934
GPR179_e6,314,0.45832407311544904,0.6101823674152717,0.582060812575363,314,0.012746258541461676,0.1638200527769682,0.17534045656166505,314,0.016742686917100104,0.16357847762761737,0.17427760170063497
GRIA1_e14,332,1.166798409904719,0.8086884793944064,0.813202250760393,332,0.616362070459589,0.7641824289278071,0.7463393411170852,332,1.1362827893186207,0.7657997872960542,0.7462822826249985
GRIA2_e14,282,1.199462997842725,0.8020509384010661,0.8206294392014517,282,0.6953980228914355,0.7261793658377241,0.7349578156243123,282,1.2278031478341735,0.740199856525045,0.735581213568517
GRIA4_e15,331,0.4258843457637785,0.6674309520566483,0.7426375648157034,331,0.4271804862864747,0.7698527185440167,0.7990585450263554,331,0.5718970371251306,0.755654561676991,0.797956965605009
GRIN1_e19,301,0.8484453026261234,0.7845593580617474,0.7574125448092734,301,0.5273972024525885,0.7490539737802517,0.8197077775423792,301,1.0266456318373982,0.7548722819689243,0.8197742227397226
GRK4_e3,320,0.3569845624492654,0.6261917030796911,0.6119820305796965,320,0.5151255475589052,0.8018452814941772,0.838323798457013,320,0.7713199504778938,0.783203772351746,0.8386354714088161
GZF1_e3,273,1.0194336644515194,0.7563866101312916,0.766623705202877,273,0.4552756741494135,0.7220388223468706,0.7031203876357396,273,0.779239177544889,0.7182405184852071,0.7041879127262658
HEXA_e4,129,1.0492565378794099,0.8518699705032078,0.8525995080500897,129,0.9456616166697467,0.8719548769835195,0.8639982110912344,129,1.7103203964065632,0.8729638745229573,0.8639199463327372
HFM1_e3,316,0.9660599468951331,0.8249774542426366,0.8091140787695242,316,0.7508490501757062,0.8428206988616049,0.82758851491408,316,1.3281264679043783,0.8477060669907819,0.8301958403347993
HHLA2_e2,249,0.7410728379134709,0.7567437506689783,0.7700386261248933,249,0.030715703223814696,0.2557035540865164,0.2174501856023753,249,0.04443150478491478,0.2573708518211756,0.2188936505713066
HMBS_e10,105,1.147425238849033,0.8085113455893561,0.8496267883060336,105,0.5276746130565748,0.805136060011631,0.8064171677379224,105,1.0349708457427809,0.806140935937068,0.8065830396019075
HMBS_e2,148,0.4894905603541027,0.6838845305609978,0.706012787967878,148,0.6568680231859121,0.7332013803411075,0.7442681755347553,148,1.1140138665835102,0.7262969796933023,0.7440053454470029
HMBS_e4,138,0.8796606629330346,0.6737427854247126,0.6909602752580544,138,0.3838059901599298,0.6078874789657728,0.5686421348481353,138,0.7458758583556666,0.6103427942980264,0.5686421348481353
HPS1_e11,138,0.3162765814084212,0.6751201024726721,0.690810375158702,138,0.1438660763284083,0.5641552751167649,0.5946137855221534,138,0.2272766644789233,0.5509120927911432,0.5946137855221534
HS6ST2_e4,249,0.6795419298917755,0.7262738560847116,0.7483029048392882,249,0.6458696910641099,0.8330118895194302,0.8602254178002332,249,1.0505621419580353,0.8220535751806102,0.8606816945200155
HYDIN_e16,394,0.16841287094314925,0.39828849935570465,0.40575334068194385,394,0.01027874940072828,0.030875320283584376,-0.005938654892805463,394,0.015436539253911403,0.03483910281936713,-0.006116804048663948
HYDIN_e58,271,0.021115454968964227,0.07836713597489474,0.09723527352879449,271,0.08366078212642444,0.3238808658560348,0.3913105215179535,271,0.1138561512315586,0.3372695759679375,0.4004887516632568
IFT43_e4,271,0.5086960483301011,0.697932611345141,0.6458223640825913,271,0.8465973327732704,0.7922041728966897,0.7905131023523024,271,1.4726151764376467,0.782002576246351,0.7904461751720893
IL21R_e2,380,0.4958930666200445,0.6152093914022464,0.618936440018679,380,0.14973797184052604,0.5369534934505886,0.5564807942205873,380,0.2941393446182113,0.537467333327945,0.557319461384791
INTS3_e27,283,0.2387058491900448,0.32441760157662086,0.32552782824862386,283,0.3053174130439808,0.6275230897206573,0.6000724557018821,283,0.6068697367636141,0.6277186491021509,0.6000724557018821
INTS6L_e11,317,1.884491728848614,0.850550068235696,0.855410203883283,317,0.7795411893416001,0.8638082615998682,0.8538918444976384,317,1.4396334199744463,0.8682507841836269,0.8585826451301356
IQCH_e5,285,0.7020920963578116,0.7181017926211654,0.7611574489261664,285,0.6878084263739577,0.822454824828522,0.8355032920026275,285,1.1988646544161028,0.819828295555363,0.8350508503133122
ITCH_e7,299,0.32533959614259944,0.5051533988975926,0.5636465093143976,299,0.09273696099392746,0.41956764388958007,0.4628563828928181,299,0.18400196011171172,0.41945642513105014,0.4628563828928181
ITGA2B_e11,147,1.0222258323283817,0.728937471540592,0.6668807471155808,147,0.6066415370037008,0.7320735313175738,0.6535894747789786,147,1.139049355479544,0.7296645075337969,0.6535894747789786
ITGA2B_e6,126,0.917334041343634,0.6332030843571915,0.6269186351706038,126,0.317640124085417,0.5878764783984254,0.5514248990255907,126,0.6272165909844121,0.5883542545152277,0.5526367493620754
ITPR1_e25,404,0.3528115215011545,0.6510300667757538,0.7109192444490503,404,0.3764732959794638,0.670220332929541,0.6767211947651971,404,0.6185108616661736,0.6734959240019381,0.6787867758375379
JAK3_e9,275,0.5174701756429713,0.6231731554624109,0.6165563601742593,275,0.07544659246616822,0.3890342690355916,0.38489519337824607,275,0.0879307759524407,0.38483871455304475,0.3760601473624904
JMJD1C_e4,290,0.2752008938003219,0.46976440967786237,0.40040976352125784,290,0.3323127472730219,0.48857161942249994,0.44197768378387636,290,0.41221804628035486,0.4956680617448903,0.440599932775087
KALRN_e37,276,0.12735069433080018,0.3245187928523916,0.22112403172682443,276,0.02983399110669903,0.23278217878706528,0.23810077976351926,276,0.03670826207762181,0.23818349564617888,0.2545232357708484
KCNJ1_e2,384,0.1137552401691551,0.5761457798773542,0.4844388064211674,384,0.1571060332990772,0.6807717642748733,0.6651860544937435,384,0.24330657820374038,0.6715494283565315,0.6650326170642856
KCNMA1_e21,305,0.8848815431979199,0.7331841718700284,0.7480403521503062,305,0.8910174870791899,0.8137143351827325,0.8073188531608847,305,1.5448936738579953,0.8101396425389505,0.8077020436190193
KCNQ1_e14,129,0.1681537795781965,0.32616043604547346,0.3523130827111246,129,0.25942965245426747,0.7099264304778763,0.6739369240213158,129,0.4017989762645963,0.7005499136923584,0.6741549478865443
KCNQ1_e7,318,0.1129670155489125,0.3852551127957318,0.41564349484007,318,0.11302066919151983,0.655561144854244,0.6779491003209985,318,0.15156404548352817,0.6632279208022567,0.6847833276690741
KCNQ2_e6,263,0.12288268591189987,0.3612722021241058,0.33979542278059305,263,0.0239108700848625,0.23763118911645753,0.2390037303773135,263,0.03699442996350487,0.23568865656282437,0.23948999088331516
KCNQ2_e9,71,0.27444015325396376,0.30375424260484335,0.3308517773306506,71,0.3343948300109152,0.8350115478344328,0.8385982562038898,71,0.6660777296058625,0.8349244413224581,0.8385982562038898
KCNQ4_e6,319,0.8124524095211909,0.6292247460312114,0.6533772993434672,319,0.28363541874550185,0.6248825893861499,0.6300529496808392,319,0.4632687603353561,0.6132701934876125,0.6292563108681886
KCNQ5_e9,69,0.8316695381255798,0.6237959243096683,0.5484106686152722,69,0.2857999705510239,0.6116073025236634,0.5759590792838876,69,0.562585630369707,0.6108810819357025,0.5759590792838876
KDM6A_e16,294,1.3178408698623032,0.7500401239874753,0.6953851130317344,294,0.08064052550135654,0.2510803698553967,0.20652470849587293,294,0.1388457767704693,0.2477270872039472,0.2184992164096316
KIF5A_e27,72,1.8040556708177218,0.7562128053733548,0.7993761656698181,72,0.5432623050900814,0.8385797728692068,0.7752267026818446,72,1.0791681817196954,0.8386130773157641,0.7752267026818446
KLC1_e14,379,0.20636652169926767,0.590559630892063,0.5014300265681976,379,0.3057369680189503,0.723197423311441,0.714694372119626,379,0.567858479262043,0.7255206661126987,0.714561824033369
KTN1_e40,240,0.8444221963412039,0.8294720128965231,0.8418488168197362,240,0.9834509882966891,0.8651376289535353,0.8464593236122621,240,1.5782015429096004,0.8655202574835754,0.8461641795352937
L1CAM_e24,259,0.4831861079055177,0.7251271406267442,0.7224916809684528,259,0.10241266874707382,0.5620100276830735,0.5426665237022672,259,0.15229820426278196,0.5641434001009628,0.5426354420772571
LAMA2_e53,9,0.13753752780889256,0.06631258864595875,-0.26666666666666666,9,0.29073367949031764,0.4479003397936907,0.3666666666666667,9,0.5793867821914783,0.4480372871137527,0.3666666666666667
LCA5L_e7,401,0.263879894663854,0.605255155700757,0.5657762151414126,401,0.22761759836689405,0.723340841237853,0.7033945075364999,401,0.3022019275099014,0.7090592011240532,0.7047902517907576
LCA5_e2,302,0.2482014482827376,0.43947232772233263,0.618782317094787,302,0.9207781685238696,0.8611457391196641,0.8668971183303665,302,1.708430734185862,0.8654185803973675,0.8668645369291468
LCA5_e4,401,0.00919689109740771,0.05526650334790282,0.07271390552102673,401,0.06652576240989402,0.3560258105438599,0.34276751772148445,401,0.0891942382398294,0.37770663870197646,0.36490541740108495
LDLR_e2,288,0.018065259906638764,0.058329611965009014,0.015251945833766127,288,0.061917443054849364,0.2954607011129974,0.36108403276270884,288,0.09354361898441316,0.30304150597700996,0.373054157686079
LDLR_e3,272,0.041804392713542374,0.132924921593645,0.13165713222561262,272,0.059860793424885886,0.3644626559781367,0.38660275962238444,272,0.07539286178891078,0.3605015471709011,0.3779603322474773
LDLR_e7,223,0.05416181564616233,0.16793297129195853,0.13940529346444208,223,0.00130368136547359,0.014473723731267627,-0.05207877368399032,223,0.003579472294910866,0.026677085077448506,-0.05207877368399032
LEMD1_e3,299,0.9193344773894626,0.731872196472955,0.7274852926949731,299,0.1837965133612939,0.6595274227898899,0.6631591931123201,299,0.23824579488496647,0.6522727896601904,0.665223287910307
LIMCH1_e12,291,0.6729968877406493,0.7056862512903413,0.6799596491728062,291,0.3443037337996197,0.48919829806511417,0.5120579520930388,291,0.6739088084613348,0.4885434631055458,0.511889945369848
LMO7_e29,314,0.9081712746373277,0.7908540321829767,0.7641344973308098,314,0.2690077711391052,0.580270062778478,0.5809840405564688,314,0.4315867988020455,0.5733756308950199,0.578469600794053
LOXHD1_e34,363,0.08149055330078,0.22848191584720765,0.18418001642382142,363,0.07868826619593704,0.481359684514986,0.48377627635123555,363,0.11017673631509776,0.4705823796844445,0.48531559104231575
LRP1B_e32,434,0.09830536891146813,0.3229154995597399,0.3050883086781504,434,0.12312589518598016,0.6801678381304317,0.6553466199555188,434,0.17284530250715058,0.6942939873588619,0.669920833597262
LRRC7_e22,408,0.3305128541360851,0.5857118115115746,0.6151621602472718,408,0.3310925362494026,0.7076060266525888,0.716285540602873,408,0.6224092238851304,0.7093149439017649,0.7174257937521429
LRRFIP1_e21,270,0.9122726406906254,0.7629697493017952,0.7841137232834601,270,0.06759588187033597,0.34485656494110095,0.4060423905820114,270,0.10576909429362229,0.3102817169723961,0.39639814032442394
LRRFIP2_e15,258,1.0677449156917023,0.7819612959689854,0.8481277922052513,258,0.7257900545557873,0.8133649610669282,0.8048908437922163,258,1.2204746993898457,0.8069520355415263,0.8055274158343011
LSMEM1_e3,372,0.31694380834726277,0.5063900643724673,0.5314503319884459,372,0.18342357371492263,0.6007348463042476,0.6069753242825252,372,0.2242030323910776,0.6029516853586546,0.6093777509060408
MALT1_e7,87,1.49891856987724,0.7981982707342271,0.8190930961580519,87,0.5271807530128787,0.8427192477180753,0.8269300867536632,87,1.03886927436914,0.8437643245342548,0.8269300867536632
MAP3K3_e3,267,0.4129983442997309,0.5735547185148517,0.5490561309328003,267,0.30247052571572414,0.7068306755157663,0.673649628220397,267,0.417017295851942,0.7078870971257942,0.6749715821257867
MAP7D1_e6,234,0.3581329463926577,0.5962857045784464,0.6144370913028598,234,0.08565048381374209,0.3208971974743213,0.29987297568419274,234,0.09878432028765477,0.32138504442307064,0.3010127996297218
MARCHF7_e3,246,0.803676965487981,0.7249620833506348,0.7081296110821141,246,0.35203572459924654,0.7226972543496128,0.7234994596178598,246,0.5751708268387049,0.723068155408812,0.7220549474843003
MCTP1_e18,309,0.20521255045667758,0.38650989074235265,0.4616770953321454,309,0.07108352951235006,0.27515841268547514,0.20826823872740258,309,0.10895043031002503,0.29104782370579835,0.21567267479429214
MDH1B_e2,326,0.6925533217045775,0.7932940663977226,0.8295245428256559,326,0.21557757683525433,0.7224142225098062,0.7770781746612548,326,0.29960403984610484,0.7008203336287058,0.775653981675044
MECP2_e3,152,0.012331332933633662,0.06668974840363658,0.09512280551891207,152,0.17366368628830642,0.6770825836032119,0.6789173599418049,152,0.24869042663735486,0.6853653395243657,0.6823898269731473
MEF2A_e5,400,0.058479682132902104,0.20648358998184405,0.14733908696712547,400,0.10689702484454795,0.5094844316665954,0.5606614789862989,400,0.1424026874801234,0.5000998313377607,0.5651708988212842
MEF2C_e6,350,0.04566613054763035,0.14232049338558064,0.13481764249094336,350,0.20808972695851857,0.6513131217586903,0.624444248535626,350,0.30011244029146167,0.6348939760070675,0.6296730070774225
MEGF8_e41,362,0.7527684280868199,0.7405856878946524,0.73248321361597,362,0.8550506932570892,0.6914628610974501,0.6921112850382145,362,1.5839746739193663,0.6869998153322653,0.6922316133094009
MEIKIN_e11,329,1.1537339115192016,0.7987450090244999,0.7774313394610568,329,0.37134910998070536,0.7766011498349789,0.74697050622247,329,0.5787089148888591,0.7588032155886493,0.7432635835941371
MELK_e3,246,0.9393608388712379,0.7918810877504291,0.800253515052708,246,0.1839256425262165,0.6491052516157994,0.605583781758846,246,0.2369432894133282,0.6416717891909486,0.6136723821165575
MEN1_e5,111,0.4643251496288635,0.5380166524697664,0.6025241368129116,111,0.4441641800458316,0.627340122881203,0.7381378074293985,111,0.8375299412240726,0.6411357366992395,0.7387871595032682
MET_e7,297,0.2079333277954943,0.4255592998538479,0.4910840843709999,297,0.21686503977910943,0.647584208343508,0.6856080559340282,297,0.3125897009651466,0.6405009903534116,0.685674781637805
MGAT4D_e10,312,1.439219148252187,0.8229176195826852,0.8170487580097102,312,0.20832640348386133,0.4367043484776297,0.649404020478752,312,0.4068184814064998,0.4431940438247967,0.6493380365025855
MGAT4D_e6,324,0.8668405325107176,0.7160702875921755,0.7244680832296932,324,0.449883513209765,0.6995704738640472,0.6933190512694759,324,0.8175425229892016,0.7061554207243533,0.6935360342064141
MKS1_e10,116,0.560250949949654,0.6318983612057699,0.668481144043363,116,0.5354106550200368,0.7461940730368721,0.7391524974202058,116,0.9378942925811669,0.7439061627287065,0.7382145012721338
MLH1_e14,273,0.014170714419434792,0.04882631578979096,0.030801043284458204,273,0.11365550770537346,0.2939547957827257,0.3562769823088074,273,0.14893435283545978,0.28938806558552993,0.35968330259173414
MLH1_e17,267,0.7387170190846298,0.8412131649810015,0.8107488047768364,267,0.15947027033967334,0.49820695507850404,0.4367179944468063,267,0.2337147053720925,0.487239877813283,0.43600539800508553
MLH1_e18,327,0.0980770014811151,0.2885614363309271,0.20355455006743925,327,0.06684675175734307,0.5075415206687455,0.503574824171418,327,0.08744005131883793,0.5042946098696799,0.5008830542203736
MLH1_e2,244,0.1620010339966472,0.3573607425780447,0.3107911357244877,244,0.05213119872553126,0.3192015078733847,0.3028667017808508,244,0.05275614336415528,0.25547286826473925,0.24276282230467064
MLH1_e3,270,0.5180447213624899,0.5813626385244504,0.5834257367160364,270,0.057178973574570115,0.433161647562904,0.305126358916354,270,0.07076015004648928,0.4178683480015629,0.2922985541823842
MLH1_e7,117,0.04461975053832736,0.23115800566121844,0.19895209497582292,117,0.23030709263149995,0.7573375867550549,0.7722245534975776,117,0.3058317058379267,0.7544080423155399,0.7776968108194493
MLH1_e9,306,0.5250593755303103,0.698730052491216,0.7305811710030929,306,0.11522215554166067,0.5375589824219082,0.4011921256847665,306,0.16877085177465895,0.53102428867101,0.3983416453361645
MPDZ_e27,285,1.3189007356002194,0.8440638847699594,0.8262432156427707,285,0.891524274228094,0.8695341624482198,0.8417125048405311,285,1.604892067164378,0.870205073636055,0.8416944704538606
MPDZ_e33,266,0.7692342955877253,0.8399119278945579,0.8327527531995136,266,0.11478472981593026,0.6141932780228211,0.46980097932916653,266,0.149365810346113,0.6075563089830652,0.4674683716674206
MRE11_e12,290,0.01068971981038009,0.06060755832296135,0.040609296903515585,290,0.12357005139227323,0.47697045101029034,0.49054879329939555,290,0.15872235947971577,0.48686738454825146,0.5057626623523436
MS4A1_e2,253,0.7497515179319153,0.7610965465739773,0.7808544894439878,253,0.3164974129558592,0.6941114799608846,0.7338095857488071,253,0.4426209391931304,0.6843335495437438,0.7338100548822503
MS4A3_e3,402,0.33169543230343784,0.5332415936489439,0.71176250585379,402,0.01688859713338808,0.27330479048527834,0.3671005443624341,402,0.023132501656811046,0.2822624599837755,0.38195103927719337
MSH2_e11,282,0.4627854334549039,0.8397737042705551,0.7947589595778829,282,0.07734698122471906,0.5880728031407951,0.5323040972237415,282,0.10161162189987248,0.6172617189134737,0.5649813245898997
MSH2_e6,390,0.018825277304120046,0.1127427477836459,0.05303472330782681,390,0.08602648977102469,0.4159816808309391,0.42654429245600006,390,0.11917512900091523,0.42584158531354593,0.43739357211685764
MSH2_e8,303,0.08126103539516671,0.17901877709207392,0.18619193142654475,303,0.11041574014161762,0.4844009564436146,0.48318618673384167,303,0.14207228813553138,0.4780450088681568,0.5039157171217558
MSH3_e11,243,0.32601133787798336,0.7402811092738402,0.645192598191386,243,0.172724624048174,0.7282229574331459,0.612878048391862,243,0.22542154903156295,0.7260399788516628,0.6102384035536205
MSH3_e13,387,0.055053779193119434,0.257211795883856,0.17953130792232783,387,0.055523003098391525,0.4264861810729932,0.40877235570999526,387,0.0887745387567745,0.4520169821105129,0.4466169882808225
MSH4_e19,255,0.7683275020749766,0.7765053784884872,0.7795999305233905,255,0.4203274477818326,0.760850334507364,0.7417738324801636,255,0.7156593865910926,0.7602871438863771,0.7425217001940672
MSH6_e6,320,0.14819148638907345,0.4454427792104121,0.3908259959959949,320,0.08475386802969267,0.4389193040949578,0.3957548018630373,320,0.11207652346831579,0.4425391292469621,0.40393548545471575
MSH6_e7,258,0.09287894905506597,0.4587157028800086,0.39654378475924634,258,0.08721166753389172,0.4019405485736592,0.43442872820032574,258,0.11385753339702052,0.4051554872515992,0.4393697181000687
MUTYH_e4,108,0.967964469144163,0.6970436772436449,0.701372812407709,108,0.8803511891922935,0.8419210224592744,0.8349977492896425,108,1.5826869622283433,0.8402502012930909,0.8347976859362467
MUTYH_e6,114,0.8134575407532653,0.523944866007955,0.543443834673255,114,0.3842634165533882,0.5581513887128958,0.5888459123954558,114,0.7271354315007487,0.5608497440210028,0.5891618233733624
MYBPC3_e7,135,0.6473790185023721,0.6331521930680569,0.6342551946151596,135,0.5295579315981883,0.6219158314173798,0.6519021994319767,135,1.0069718434861656,0.625115354713286,0.6515558904878143
MYCBP2_e18,310,0.5883649431294445,0.7551329945264551,0.7748882729693384,310,0.5557594601701615,0.7644459960179024,0.7726487749468693,310,0.8239507282942872,0.7439288405551393,0.7708739899648275
MYH11_e17,236,0.09451597719141501,0.22792519975963943,0.16134021159747858,236,0.1364933625057498,0.34512974869382224,0.3611684442608978,236,0.16705935761239557,0.3472289238275717,0.35507072880425106
MYH7_e6,72,1.499785641158941,0.7942628808788837,0.8326580487491159,72,0.8100874626441668,0.7663281432451814,0.7568714778644943,72,1.5341093751256323,0.7673945566771267,0.7570322612009145
MYO6_e29,78,1.7035906668260243,0.8272341019229932,0.7940287560540723,78,0.7202917911220443,0.8355236965099043,0.7675236156248814,78,1.392721599245517,0.8360511268869597,0.7674730332958181
MYOM1_e30,317,0.149246829229197,0.5174222079535162,0.508928896005602,317,0.07639193676061264,0.49209419838558066,0.5365306000165639,317,0.10641251107720866,0.5147180591468365,0.5710352827057416
MYRFL_e16,246,0.5874621766119968,0.419354502060429,0.5953542248856432,246,0.7239214308339574,0.6476468529785218,0.6676625902720046,246,1.1647022795708402,0.632733911029276,0.6677665758204316
N6AMT1_e4,240,0.9237677664658853,0.8138061694124036,0.8392253678238615,240,0.18516378590536126,0.6289718530804156,0.7664490987559143,240,0.21178085341760175,0.6151770933870991,0.7698850527879665
NBN_e2,387,0.5834944786728391,0.6553772909740555,0.776882422107301,387,0.3773698774222593,0.6833004883174608,0.7401416866185293,387,0.5038452394343473,0.6491628190023938,0.7383135257674674
NBN_e3,432,0.6392867020265106,0.6466270442665845,0.7133201184354544,432,0.1906392471995908,0.5592397271315278,0.5907037697842665,432,0.26589634847878274,0.5440068903711158,0.5902584703455468
NBN_e5,299,0.33287892607737507,0.5524276028093158,0.733375749184651,299,0.06145852365830322,0.33744493332665265,0.4568417498178477,299,0.08210436890196367,0.33041973559485166,0.4906972076526216
NBN_e6,320,0.5192868790998023,0.6141086058706454,0.7672135319987747,320,0.1575514541972762,0.3611270582121496,0.5429411653521006,320,0.21855530573532087,0.33553754336412644,0.5696678439732018
NCAM1_e9,78,0.4482968650259722,0.514371468510562,0.49880499247587845,78,0.5280195083741399,0.8216302025877613,0.8087735049760366,78,0.8775289309603609,0.820913957031612,0.8089252519632265
NCF2_e4,389,0.252822148137727,0.5880339038970688,0.6020536310081148,389,0.1463526758206337,0.28610154465556004,0.3279246449154204,389,0.17634565817916656,0.28191910381775037,0.33134261145068145
NDRG2_e3,114,0.460799868909838,0.5007906576120496,0.4896660658957899,114,0.4959610609992475,0.7610871017901777,0.7176215905354634,114,0.9293389430478036,0.7625823888512169,0.7180590066214408
NDUFS7_e6,129,0.20579792931286453,0.47601761644060975,0.6007723065361226,129,-0.015632274574413945,-0.11405240847866618,-0.11594952352163126,129,-0.01749224914857425,-0.09312672288917827,-0.12266666671458895
NEBL_e12,319,0.09239870403171895,0.20066707632296782,0.24214950486438144,319,0.08119524890855523,0.3811945051206385,0.3533088696796411,319,0.11159065887477744,0.3653827292748748,0.3847512391999306
NEBL_e25,117,0.7964822032814475,0.642089775444427,0.5431446597431402,117,0.3443047458012913,0.8030109526688781,0.8115362136402463,117,0.6332903402063912,0.8031389228635272,0.8119108633427744
NEBL_e3,303,0.4132549632949867,0.5153839697631938,0.7724084350866671,303,0.2602364590563929,0.544025835488338,0.5430303036073861,303,0.3956347777802181,0.5144036287360053,0.5425646243718991
NEBL_e7,292,0.0635822304705737,0.2119659509268867,0.2056941357699439,292,-0.019891509420444573,-0.14914144631852075,-0.24119206872041457,292,-0.010360959802213495,-0.05005857984787065,-0.18067503632260126
NEB_e116,299,1.0356230368805475,0.7165341621976713,0.7001943839644452,299,0.6853212964770002,0.6861357076570578,0.6878564035756561,299,1.1280408344629724,0.6776149453499829,0.6875583180345333
NEB_e13,296,0.0038568994791061584,0.019999588632936778,0.02164988964871874,296,0.08274494489929698,0.3154983200770254,0.32906380123184303,296,0.10330672149483944,0.32557988623460216,0.3323671408371248
NEB_e4,114,0.24576631529694484,0.7991747147505216,0.8106899631250563,114,0.33187038378240186,0.7174490768111993,0.7549301137883645,114,0.4131437195799733,0.6936823033569611,0.7402602663577128
NEK10_e11,78,1.9271802575516597,0.6652329844868818,0.7256161559959028,78,0.854959345937022,0.7619858389345339,0.7682317682317683,78,1.6036685018009669,0.7630677369267579,0.76856055337068
NEK1_e9,103,0.7203717185726014,0.5370168005309485,0.6415125422835303,103,0.564889550800252,0.5819186208750001,0.6420761876617241,103,0.8053139520805396,0.5475448167402363,0.6398906113669569
NF1_e12,381,0.0200547250617373,0.13370778873004815,0.15664649124895633,381,0.10590496591969137,0.5959924507272469,0.600858543255684,381,0.14870434196585408,0.6026708177262753,0.612482055390426
NF1_e13,390,0.018557156037468183,0.07610895623102,0.1686380476023632,390,0.0529865326962396,0.282127827765386,0.33322876207777125,390,0.07622378096663487,0.2779516860995627,0.3390713333958513
NF1_e14,303,0.031385528167261284,0.1356455849160667,0.1103369303835446,303,0.06309268582857053,0.22137309454721524,0.23875272997625502,303,0.07951255676059332,0.2397216380873628,0.2610372412633708
NF1_e20,240,0.41876019189330144,0.6116524510905357,0.5689040974895743,240,0.11858720494134165,0.5769531976249767,0.5418990582393581,240,0.1658037269923249,0.5932407499396422,0.5588630780526028
NF1_e22,404,0.6177792484824418,0.7774640592965173,0.8059390661811879,404,0.17440181707522312,0.6861698278411223,0.6688123562034215,404,0.28315786655314246,0.6790015147423547,0.6677364479850141
NF1_e29,300,0.07902605135226662,0.45779742499329745,0.3646462750821095,300,0.043808209866937245,0.34080525620974145,0.2749163583049603,300,0.06017360151984484,0.3291208488292708,0.27145452160983974
NF1_e3,240,0.6446051017810954,0.838972643975669,0.7978133300925362,240,0.345321077660453,0.8198653831004638,0.8045138809759931,240,0.40756905998497317,0.8138382647326747,0.804624996162313
NF1_e30,390,0.020844150615298766,0.10223035433687373,0.12679592769059791,390,0.02836161602846576,0.15133271904349854,0.11501898570386013,390,0.04074736560240301,0.17580998731048073,0.14092442510859937
NF1_e33,282,0.16318997817971317,0.4540956784163899,0.3670998837616994,282,0.030869778595518423,0.24161924091489304,0.2542589216365798,282,0.04847240934921814,0.28145119046405476,0.2899226670956067
NF1_e50,393,0.014602870872615078,0.08054409348526177,0.054305245358671275,393,0.014053278412945363,0.11856010773555438,0.10610851345518622,393,0.027917752544864276,0.16913311582356083,0.15656803997273722
NF1_e54,288,0.3409598733994129,0.4724899466335343,0.47032964162379104,288,0.23521437310500318,0.5951498744831861,0.6384962788611235,288,0.2848552705345118,0.5785033232705513,0.6389232868663413
NFIB_e11,255,0.6438952393859343,0.6277333243375153,0.6567008742473368,255,0.8265566635514302,0.7249164456762328,0.672654443963474,255,1.4519531911448067,0.7238711146769785,0.6729243896866527
NONO_e3,329,1.0329204388365008,0.8575819262197036,0.8547641267908866,329,0.7365504091690105,0.8722461275632111,0.876363548137476,329,1.2852974048834565,0.8748621602704555,0.8784500971246221
NOTCH2_e12,319,0.08074452417756663,0.19158716005595453,0.2375403817725002,319,0.06617282430664143,0.2960943577604854,0.33166861529273495,319,0.0958836451073952,0.30609061387702463,0.34110703888527905
NPC1L1_e7,319,0.18425553413754392,0.2076609008008516,0.2869728514816348,319,0.1250167979239937,0.48729668197575904,0.5059182706859527,319,0.2443960440555841,0.4875237934439287,0.506626835998865
NRDC_e3,389,1.0447059406502464,0.7979947140844489,0.7634380582144148,389,0.4939114990312289,0.7472459660981106,0.7280011897365245,389,0.9685784396206196,0.748229559314497,0.7280011897365245
NRXN1_e12,69,2.029674003826909,0.8348265521826906,0.857617829740592,69,0.6653660028651764,0.8208604593357453,0.8194373401534528,69,1.2857730487617651,0.8253415602721367,0.8196200219218123
NRXN2_e4,78,0.7769905788789863,0.7682488989662724,0.632848164493734,78,0.23963011295198336,0.6924596045046612,0.7455203024823278,78,0.4647798200133038,0.6936809682101199,0.745115643849821
NUDT13_e7,321,0.7438152694661314,0.5839231852205496,0.5862012199419196,321,0.45098355408444096,0.4683596076856124,0.504237171300865,321,0.8272730872144914,0.4679236080911977,0.508517878911012
OCRL_e15,394,0.012998542758175531,0.06819942999192863,0.09950598204255916,394,0.136388280556392,0.5602241461846478,0.541550555565321,394,0.17926431522550781,0.5635324574962225,0.5518755496395679
ODF2L_e7,321,0.9773428890293168,0.7940840334547361,0.8548832188282982,321,0.8379878118423312,0.8243071948596264,0.852442383966537,321,1.4881011325114584,0.8269890156296497,0.8577683291834955
OSBPL3_e12,297,0.3737227504123823,0.5146105652725262,0.5255084086727559,297,0.26107413622799824,0.36239339899610523,0.3291401868154619,297,0.37778694370203264,0.3658911049120487,0.3287238151645996
OTC_e7,23,0.052532435257878825,0.25718164101516156,0.32411067193675897,23,0.07101298193613112,0.558596663875891,0.4284655431025929,23,0.09647050989807522,0.6192546625740408,0.513466781180616
PAH_e11,386,0.549484476819406,0.6736512293026276,0.6732116590292334,386,0.2295704424018025,0.6872512036787163,0.6696269241054088,386,0.34104948599913015,0.6761345563429189,0.6709308636142366
PAK5_e2,306,0.1307089338296664,0.5743022237508376,0.5807214600266274,306,0.18122805212597343,0.643608221272667,0.7107906941813414,306,0.24383858682090118,0.6212378103997219,0.6990918535727569
PALB2_e12,435,0.2786051903588335,0.5379490970567002,0.5623408335621701,435,0.31670726953327505,0.5515608509101212,0.530151534346678,435,0.6034417037368344,0.551059102864149,0.5301190671006097
PALLD_e20,387,0.013191525380935563,0.10262278538563545,0.0917705557019361,387,0.002912824845531015,0.018699851027786905,0.07581900296583315,387,0.009833061499922012,0.0447196590376148,0.09677092766694331
PALS1_e2,3,-0.09507914918789827,-0.052759425368926804,-0.5,3,0.19839919825724203,0.5519643955475305,0.5,3,0.26535320484596825,0.5250795550357489,0.5
PARP11_e3,307,0.7169665564584936,0.7881641270292871,0.8082560483149824,307,0.8234614698010432,0.8137161297608614,0.8229275577861646,307,1.3711735281385895,0.8026031357178945,0.82322409346148
PAX6_e6,114,1.196633894413142,0.5521505546721961,0.5336019926692452,114,1.2052242058324547,0.8632414099203501,0.8747268680823673,114,1.8931631508792903,0.8480720537259425,0.8748159713591405
PCDH11X_e8,75,0.7383620035827579,0.6951961387497654,0.6125462304409673,75,0.48473958495629477,0.8002319263051618,0.739203413940256,75,0.8130496056995336,0.7999477222702903,0.740616931860353
PCDH15_e31,15,0.42937044534955066,0.37229306962985226,0.39999999999999997,15,1.0634057338254197,0.5955384874761701,0.46071428571428563,15,2.086440773266721,0.5983245313924482,0.46071428571428563
PCIF1_e9,201,0.6257075320027247,0.6048220430961653,0.5942140513573818,201,0.3165856614595419,0.45394887734530237,0.4734390966745025,201,0.5408781625610998,0.4470732172699856,0.4741173888854471
PCLO_e16,65,1.6419241285697619,0.7709477972202176,0.7564248251748251,65,0.7002291581672755,0.8379519337709478,0.8323863636363636,65,1.3595181245605858,0.8390281494456988,0.8323863636363636
PDE2A_e5,30,0.3384030743963475,0.3726994838916491,0.4153503893214683,30,0.09090543010463357,0.5347286175596402,0.5851596431804039,30,0.13828418962000824,0.5337033123439886,0.578484818353251
PDE6B_e14,276,0.18609096483566137,0.2865794934002429,0.216001260256358,276,0.005967386964435211,0.045666685919377295,0.0045717831218092565,276,0.00873167812552259,0.04823685890601289,0.007933025484247586
PDHA1_e2,250,0.4083817914084918,0.448485175103011,0.4767988154172435,250,0.10807644199652541,0.49953719605195773,0.4940101704127178,250,0.21349180863962924,0.4999310675554353,0.49422655586583125
PDZRN4_e3,309,0.05534081192260201,0.411669116738082,0.3202221747251922,309,0.07088337151089737,0.25541072898614664,0.2657410181137103,309,0.09639979499213029,0.26808111923162314,0.267608747336101
PEX3_e4,15,0.9528181655156162,0.8593925368832585,0.7785714285714285,15,0.6594618271500606,0.7087539508779767,0.7607142857142856,15,1.1522044692848283,0.7228864339409371,0.7678571428571428
PFKM_e4,276,0.5866342768120884,0.7803565857044594,0.7854184137524393,276,0.6715922267533344,0.8621492909904264,0.853130558304578,276,1.140415020472727,0.8644463103509553,0.853520963971168
PGAP2_e3,243,0.6468854504631033,0.7837004608774638,0.7943585549149382,243,0.8230463637745069,0.8322065299071416,0.8282733120283634,243,1.4992881814972658,0.8304649665544023,0.8282816751815649
PGAP4_e2,146,1.1348466388236387,0.7435397707734428,0.7675301013178064,146,0.3660035475428356,0.8082642108048763,0.8007966629649802,146,0.7169312586727381,0.8088278856847513,0.8007889508356323
PHEX_e16,136,0.005015682422597342,0.021529194630951196,0.00029578776750625434,136,0.03884893303578307,0.20850923172689595,0.2737368400432699,136,0.06251316670544649,0.22628757484753378,0.28287599100422595
PHF21A_e3,318,1.3289722836334554,0.8507729320331889,0.8345563602093828,318,0.704574606179692,0.7789786269814769,0.7722914930853279,318,1.342582403905255,0.7832005533207155,0.7722914930853279
PHKA2_e9,135,0.53310371286077,0.5369162034972768,0.7238854745878451,135,1.045396067416344,0.8268471789068627,0.822497372203627,135,1.7515260960923256,0.8164829701636426,0.8234289909033143
PHKG2_e4,153,0.6761870025274233,0.777024616937974,0.8075000335062253,153,0.5265421471202099,0.8049526580893871,0.808478094431888,153,0.8818197962484486,0.7979852028755825,0.8088165078759489
PHYHD1_e11,243,0.34966501684286133,0.5643841890923084,0.5498189691707241,243,0.17692989273802925,0.5419528610170047,0.5202064362035187,243,0.3225323443778208,0.5426781323340174,0.5208654530891542
PIWIL4_e6,231,0.46817289079963487,0.6846605161215921,0.6437690190056995,231,0.1074186735682751,0.5822821914037905,0.5370479186897023,231,0.12910509098775586,0.5954680324459316,0.5592818781597605
PKD1L1_e43,240,0.3936844111488692,0.4555597924727617,0.46420076737443355,240,0.26649024103980073,0.4281791937280008,0.4639154741720506,240,0.46819232628116275,0.42253980941258157,0.46444466435603554
PKHD1_e10,107,0.28816729946408254,0.7301271042067365,0.7293575959530076,107,0.9165321619619735,0.8929661342887796,0.8990183976958795,107,1.585081962975047,0.8868419925345891,0.8989008405337096
PKHD1_e66,288,0.012393072715790114,0.03995021335615595,0.07402200608752633,288,0.0071874311321862994,0.04860559580170378,0.029112988970806553,288,0.013323441565567728,0.05789463701858348,0.041519921341646636
PLB1_e42,274,0.8230850402784784,0.8150013130762578,0.7974656000933374,274,0.8928858885875207,0.8060523508430119,0.8006770458784518,274,1.5888648166489228,0.8028808119258459,0.8005201224411929
PLCL1_e5,318,0.2525049291199569,0.5229911634323158,0.5241143712449821,318,0.012500484361783415,0.08153337758839034,-0.06281104889441853,318,0.021680800405529718,0.09074306108650038,-0.06288344388297003
PMS2_e13,291,0.12406168218533525,0.5259047064387999,0.4711480000984949,291,0.06454346951408094,0.4234852715549976,0.41704671219323697,291,0.08461821963386397,0.44224805709375903,0.43588639452306793
PMS2_e4,137,0.7091049800184178,0.740058474788149,0.8061026378180596,137,0.7604195532967578,0.790412370503381,0.7369293056596539,137,1.4144232860933588,0.7878242487229713,0.7369293056596539
PMS2_e9,243,0.021382655500722436,0.09820153634603725,0.10107836633266258,243,0.0231216601532602,0.15979354497557513,0.1834324104423025,243,0.03718345679123754,0.20253949074234662,0.22903635611431017
PNKD_e3,220,0.36067669781706874,0.5399237606662325,0.5484372935308686,220,0.0787988508056112,0.32787158494205676,0.3543065380461199,220,0.11434817741088202,0.3195171969139596,0.3543065380461199
PNKP_e9,135,0.9428353225756461,0.768147132612497,0.7615305823822066,135,0.27082460864487123,0.6548518578327188,0.6808417237856537,135,0.4615429744582319,0.656269268354933,0.6821440373432509
POLE_e11,244,0.6953652602197637,0.6981162970197438,0.6680065590291975,244,0.17568342052001923,0.6378915935009017,0.6573884669599296,244,0.3186746681258699,0.6385796417340132,0.6591219807979468
POMGNT2_e2,303,0.3684545981357723,0.5779751496373018,0.5764717225064823,303,0.26828432028190174,0.6848014411880851,0.6437808860280502,303,0.45211325255993073,0.6810311634957059,0.6432190848782045
POPDC2_e4,237,1.0490466079205871,0.8064188415018064,0.7957174578699587,237,0.7265765992482334,0.8535388047913112,0.8601646643466674,237,1.2859368769260164,0.8578903513820584,0.8599980889145192
POSTN_e18,258,1.256406810078771,0.8772269386448407,0.8616272579819383,258,0.9440037461431524,0.8522078054780684,0.8510558460658487,258,1.5114227250753862,0.8362679825490043,0.8510411720747642
PPIP5K2_e27,286,0.8462807564612791,0.7383725214883436,0.7301430277040033,286,0.6706304330141524,0.7256501310527187,0.704809544658025,286,1.3056919093624932,0.7273194250164963,0.7048429778457768
PPP2R5C_e15,336,0.695072959236831,0.7483959847294231,0.6915011650760499,336,0.2607415035812495,0.6791524585215556,0.6177470580626103,336,0.44882497914145386,0.6728800517532922,0.6178454429839667
PPP3CA_e13,78,1.8760354355158413,0.7710467861508452,0.7809026416621353,78,0.995622566249374,0.7928115652504112,0.7932447299535906,78,1.8421029113755758,0.7951289042304129,0.7932447299535906
PRDM8_e2,282,0.6836025238182506,0.751185862250863,0.786696472048787,282,0.6102309281407517,0.7111657317705117,0.7351449999040489,282,0.8885610059822898,0.68657644035042,0.7365057765473897
PRG4_e6,373,0.8201909045104598,0.8342326128187395,0.8672911191521329,373,0.5576487501301832,0.8399438028833535,0.8411988853200403,373,0.8857078000281179,0.8313470468662593,0.8411219318691586
PRKAR1A_e6,42,0.3628757576477555,0.6972334663625144,0.7486730689666947,42,0.1876058256647456,0.742475084843015,0.8162554198183262,42,0.2618748651383094,0.729207868677578,0.8182002356701716
PROC_e8,193,0.45926380778006737,0.6179415075570935,0.6083595162015764,193,0.19897013862454682,0.684171141264245,0.6992223379111052,193,0.3415027967581481,0.6772085584878939,0.699274084677454
PRPF31_e9,89,0.0037643086325112028,0.008242803219650199,-0.03835546475995915,89,0.001927304427274368,0.023606755386374727,0.014871312513904734,89,-0.0002935125240795207,-0.0029183805785040484,-0.015926860740421156
PRRC2B_e31,232,0.7317662865443975,0.6675235203097315,0.6744090001924606,232,0.23438274098340608,0.6835883398710579,0.6851810475165638,232,0.35103987900261213,0.6689061450896061,0.6860509283983156
PTEN_e4,109,0.1738663700485933,0.45178536882538706,0.4476786210731165,109,0.16014044398208152,0.6218622082821909,0.5860761916768166,109,0.18370778664583173,0.6330736956178529,0.5976608314072975
PTPRF_e14,64,0.4456213439929658,0.2670054247266135,0.21488095238095237,64,0.45295690822295503,0.7549977411305767,0.7312271062271061,64,0.8639018321218949,0.7586914463516367,0.731135531135531
PTPRG_e14,248,0.9022777264666854,0.7770801304392975,0.7684599115660736,248,0.6658760968229328,0.7550043798687734,0.7588323779642534,248,1.2417752389623842,0.7607174315296475,0.7587891070616539
PTPRN2_e10,2,-0.43485025635608987,-1.0,-0.9999999999999999,2,-0.21763728181787417,-1.0,-0.9999999999999999,2,-0.2980517278417416,-1.0,-0.9999999999999999
PTPRR_e5,320,0.12238521247885521,0.451493396732335,0.35680379457118133,320,0.19503636194902743,0.6999781546948001,0.6814375708073241,320,0.27646439797215394,0.7060992383721738,0.6859163952239974
PTS_e3,57,1.3641754423146253,0.7832585566498816,0.7802696396162822,57,0.7465321679336838,0.7381310357748347,0.6960720767435832,57,1.3681573167462957,0.7429804792317893,0.6960720767435832
PYROXD2_e2,47,0.6073954855667929,0.4478906941072245,0.31198866770286143,47,0.4220669106693175,0.6726646546739833,0.7967968550061405,47,0.5830132626134891,0.6529843691816295,0.7952935738051999
R3HCC1L_e3,279,0.9036662176982658,0.8217192768779263,0.8428179115693621,279,0.41193538271252,0.7594066463311828,0.7712797251714881,279,0.6188020704819174,0.7499172803943354,0.7695381806719356
RAD1_e3,306,0.9689490089256607,0.8185978507092954,0.8123109249108678,306,0.8520781201186038,0.8305957256294638,0.8181879957003918,306,1.3656477323083436,0.8185673653535561,0.8177703135671173
RAD50_e22,246,0.2257333732917283,0.6227605221630657,0.5184180409321197,246,0.05502155493574968,0.4779889639167272,0.4154795520532192,246,0.07471157949113523,0.524308524798018,0.4596551132351832
RAD51C_e5,384,0.11649303350487676,0.4188820829991769,0.49925819490391515,384,0.14235628367026115,0.6376868772157386,0.6811127595304427,384,0.1905427761346649,0.6432377527537425,0.6901263703881906
RAD51D_e3,262,0.4203496606513261,0.55849578162101,0.5901990084109253,262,0.08538666641697717,0.38837943066999225,0.399219525149968,262,0.15450035403137188,0.39198540129040604,0.4082760226681679
RAI14_e11,248,1.1579640989349382,0.8068472671819448,0.8452199814013792,248,0.6610954035522246,0.8239733533947178,0.8514856080977953,248,1.2964139093533442,0.829542280884272,0.8515194380761913
RALGPS1_e6,258,0.7614680971273794,0.7329923103980867,0.8268654828720151,258,0.5191090558485704,0.739779783041391,0.817280222158209,258,0.7489603445170328,0.7127616758276958,0.8171640845954476
RANBP17_e9,328,1.21534706550333,0.8059071218065061,0.8234596181326139,328,0.9844281837348071,0.8613655639630587,0.8646579849976299,328,1.7241665789308354,0.8649741316451691,0.8647259982819846
RASAL2_e16,81,1.3049367294184087,0.7375973893669976,0.6831526648599818,81,1.0530868194281884,0.781442536241945,0.835862691960253,81,2.0215574136505032,0.7852219605325123,0.835862691960253
RB1_e24,79,1.1683740918550956,0.8342196223341236,0.8987828627069135,79,0.6127253192184853,0.8137008746237903,0.8058471631549128,79,0.9618931407479893,0.804553723908121,0.8071129936431937
RBM15_e2,276,0.9101337382219256,0.7692002309712662,0.7318529604105268,276,0.6701274573659384,0.7729739548795381,0.789121159800802,276,1.2520466166154718,0.7774750001516177,0.7889641985702258
RBPJ_e2,243,0.5707527895249178,0.5811446044567242,0.5762231054173056,243,0.14771286423710142,0.5596082807801479,0.5935301796993179,243,0.2765442146562089,0.5592092695497373,0.5945044872509964
RELCH_e23,237,1.164679127771025,0.7577655407030531,0.7457437813142851,237,0.7895544176166688,0.730571533410175,0.7219550408046803,237,1.383645481094874,0.7256193652311523,0.7218306399345953
RET_e19,412,0.1881349334243743,0.3750529274757759,0.36274312769644557,412,0.06542693632694345,0.39989581886110737,0.37044726826922364,412,0.11472016915969992,0.3921528824306987,0.40171379302990123
RHBG_e7,354,0.29778322763112275,0.49085724152657195,0.4922499686552695,354,0.006105141451897735,0.10921876428823356,0.08220473251604056,354,0.00961062203920798,0.11062824426352301,0.08220473251604056
RIC8B_e9,319,0.04431655940558492,0.14688538617925795,0.18413784244130346,319,0.0947356216891231,0.43934964398495513,0.4838313263814658,319,0.12586372450033034,0.439441171263889,0.4962936688992816
RIMS1_e22,258,0.6022260618470399,0.6074920704553733,0.6105714152949696,258,0.3902541369556773,0.6951010986783158,0.7317716371815791,258,0.7686497979341591,0.6967214231567951,0.7315919617988169
RIMS2_e3,249,0.7630318769424762,0.570020063714915,0.5894691022153129,249,0.2873464490143749,0.6620893048374392,0.6558369140177697,249,0.33813452169729286,0.654870356129868,0.6557001073230958
RNF32_e2,301,1.2464852080854592,0.8573819613354687,0.860914800755736,301,0.9001819178952677,0.8657508186583889,0.8874795315173349,301,1.7301992596128632,0.8703201617066839,0.8874795315173349
ROBO1_e20,69,1.4377303482664399,0.8424858329423658,0.8549141395688713,69,1.079487680560053,0.8985762289700451,0.8895871392035076,69,1.9996495819862359,0.8997022421044362,0.8895871392035076
RPL15_e3,397,0.06780899368382834,0.17226061932141254,0.1111929976155152,397,0.049169485811716436,0.2801166170466643,0.26290800554239635,397,0.06836196256815241,0.2783653019842372,0.28292450120355955
RYR1_e77,144,0.3912176788186939,0.7441285099227715,0.7486817779921229,144,0.19583440563637178,0.6513979767256335,0.6463868241425881,144,0.30200687272299964,0.6529505102313906,0.6451449550693253
RYR1_e8,257,0.5378538356385554,0.5070691714434672,0.4730387933358044,257,0.19777525086692888,0.5886586458351528,0.5430763327736998,257,0.3556526180048663,0.5929936918536005,0.5442823898525077
RYR1_e94,249,0.9643292631558031,0.8181867725938937,0.7914000760591046,249,0.4071887382382796,0.8431642836082043,0.8160487711904543,249,0.6229935319420211,0.8405384971415898,0.8171051278985646
RYR2_e89,234,0.7324012336935098,0.8581724065948068,0.8554315376888658,234,0.15993233585751043,0.642588778207366,0.5760144238204662,234,0.19637422050271972,0.6355190035505678,0.5681432528943023
RYR2_e97,385,0.014259967820138974,0.06554479405443393,0.09308998369684895,385,0.07381334369824921,0.2948654040894731,0.29639157076793976,385,0.09416218293814453,0.28594247736793144,0.3079294600907997
SANBR_e18,75,1.0209420670247582,0.7241963316843308,0.8021621621621621,75,0.9459428116417702,0.833368106838339,0.8211781107247701,75,1.682746039259288,0.8326903502773547,0.8213772600725762
SCN10A_e25,392,0.27193759958113245,0.5423365979050894,0.5107397522012093,392,0.5961307681997812,0.7668820664771336,0.7545636462094828,392,1.1108966192313956,0.7638294916544143,0.755017300486612
SCN1A_e25,82,0.014817640625521763,0.07563282214751221,0.09646225260127265,82,0.11848079208491562,0.5770196872954239,0.5800349396246902,82,0.14057545550128747,0.5915150500687766,0.5990824550464914
SCN2A_e23,37,0.5293940419363926,0.8242296776579223,0.8613086770981506,37,0.5735604131052484,0.7962327982251897,0.8351609285016524,37,0.732025506371956,0.7740010945991381,0.8294706908056866
SCN3A_e7,264,0.666380260846066,0.5884077744031702,0.5624524001415985,264,0.4333861894397312,0.6453185140180991,0.571743021976789,264,0.7222285750806815,0.6430171925050265,0.5713543145155124
SCN5A_e24,147,0.5637873052484278,0.6689316516566683,0.8050117492387552,147,0.5678541825421277,0.731317321362515,0.7841664242567209,147,0.8766016842990307,0.72265820352261,0.7882427832634633
SCN5A_e6,239,0.7172918551139581,0.5171835589337499,0.554090046060265,239,0.5933052187919273,0.6978640752603151,0.6445727902910532,239,1.006859049384588,0.6925782507517652,0.6444796147817962
SCN8A_e6,259,0.5980425585861552,0.6375283139469942,0.5671135313186088,259,0.28819108816266653,0.6935458233464393,0.7057076870633948,259,0.4325665012213948,0.6831979989798832,0.7049486075940227
SDHB_e4,396,0.15568903388757027,0.2752658327392915,0.30402934862332265,396,0.2625679757990751,0.619604651964731,0.5915395738617646,396,0.46453788316079214,0.6158550547987032,0.5920825408451206
SDHC_e3,292,0.11507075069046965,0.5472514823082029,0.45072175010634885,292,-0.009446977793099692,-0.08488997766720369,-0.002878939925485897,292,-0.005811632228205995,-0.0396420945427935,0.042253894502256174
SERPING1_e6,402,0.25252257023552527,0.5853460592134174,0.429570395801096,402,0.17823754997175006,0.633644564726987,0.5911089922052243,402,0.3035447959008476,0.6367218241183197,0.5914451766722275
SHOC1_e22,322,1.4107546128920412,0.8406864211146793,0.8241251717864588,322,0.5131179676774404,0.8236669112654488,0.8166806531160489,322,0.9715665808150533,0.826398635780621,0.8166818048017411
SLC12A2_e21,8,0.9807679155944488,0.7249473605820925,0.7380952380952381,8,0.43994529395585913,0.7777513999646459,0.8571428571428572,8,0.8393221160734426,0.7786817393441524,0.8571428571428572
SLC12A5_e3,332,0.37744591010767226,0.5952873259503032,0.5825078025022192,332,0.11328334101839155,0.4993778153211876,0.4567576408232703,332,0.17760219439316752,0.4952869905276545,0.4566677898070761
SLC25A31_e3,324,0.9391333902108737,0.6895524465153662,0.7171879931179481,324,0.0842022516074742,0.6470116249939621,0.6970584884392036,324,0.10433596474773954,0.639635668104083,0.6893381590490273
SLC25A38_e2,54,0.7206721440964987,0.6804589655146769,0.6168477225080998,54,0.2761961055368079,0.8132135259313997,0.7222031637125975,54,0.5452041369307199,0.8130855455164755,0.7222031637125975
SLC25A48_e8,401,0.6419672309274721,0.6271958822847106,0.6174214293949324,401,0.25989931765389185,0.7579488459878051,0.7579546656281412,401,0.49574372626392965,0.7582702061679458,0.7580724682409307
SLC26A3_e9,428,0.04103030458802234,0.21540195856852745,0.19641721652951644,428,0.05514188251957148,0.28787540213481383,0.3133290523140554,428,0.07631200436503009,0.3085255845753791,0.33295488475923046
SLC26A4_e15,267,0.8487292744918952,0.8234169495154569,0.8596035199519846,267,0.06267062931443856,0.42975644399616375,0.40732754309645425,267,0.08489608296528153,0.44261033813992123,0.42488231614277755
SLC8A1_e3,309,0.5103063807018055,0.6283313107494313,0.7270328282070829,309,0.299350430562044,0.49878183331689213,0.5785644436284897,309,0.4969754050887416,0.5201675342131656,0.5852572503896171
SLMAP_e24,258,1.4482100357484557,0.7850901121062884,0.7637832813367834,258,0.370706368402737,0.7179028861781563,0.739557236968515,258,0.4626674548370648,0.6907322895601299,0.7274888367892938
SMARCC2_e18,261,0.7059148769280326,0.5837910051257639,0.6207308266007925,261,0.25204830359846947,0.6858940574287242,0.6987331835981513,261,0.3679883224459736,0.6800009292062835,0.6985651229221725
SMN2_e7,150,0.9799837398404931,0.7324492462989458,0.7804169074181074,150,0.5108429155332591,0.7364059282021397,0.7230947563809933,150,0.7909767606790143,0.7216269916616241,0.7231516478995345
SNAP25_e5,287,0.6959899240596432,0.7741306706071809,0.8219340138943967,287,0.21199215560958076,0.619445190448012,0.6478194271382194,287,0.29482153213764245,0.6003634522534416,0.6400491991550276
SNAP25_e5B,277,0.5846289294680949,0.6784522824073086,0.7502786698208279,277,0.699888682053641,0.8189021394047689,0.8434105507132662,277,1.1852791399585934,0.806008180663929,0.8438131171448441
SNUPN_e2,433,0.9203574952795659,0.8760173996882668,0.8626143842343585,433,0.42029100095341776,0.8360645423889641,0.8624829152950847,433,0.8192360623508748,0.8385178806903016,0.8625271440156741
SPAST_e11,264,0.7845480126213532,0.8768252906258519,0.8877600883200368,264,0.24185466371599315,0.6655224469464649,0.7657153610572491,264,0.28778578288133244,0.6470231401019099,0.7652607743951448
SPAST_e13,109,0.15406334786597864,0.4909255281317837,0.2857718736564532,109,0.16869158384338945,0.62904374976104,0.629165846185366,109,0.2173742412313995,0.6320492551277997,0.633827191998692
SPAST_e16,107,0.1931672338465254,0.4967003045535815,0.4444161435781653,107,0.35237824498602766,0.8057061227164061,0.7858675314110856,107,0.4900896851939953,0.798471187242359,0.7931659433945466
SPATA7_e3,276,0.9771339827158851,0.787155811801746,0.7938962602829998,276,0.5934687545467334,0.808581807265204,0.8102017467234431,276,0.9788239806671932,0.7987928442590713,0.8100548893975625
SPTB_e31,138,0.1659466002537628,0.4862554615231329,0.4806929862316868,138,0.24548182766293264,0.6484332029135614,0.6550103484456484,138,0.3738381850125332,0.6445441006942118,0.6562386911989407
ST7_e7,195,0.2686825978661394,0.6314760844430748,0.6402916702745872,195,0.38769424211443765,0.7271325217807055,0.720309861858977,195,0.5861370174142245,0.7101836685570233,0.7183337763774925
STAG3_e10,316,0.9021015946122267,0.7523195941179729,0.7153618362475467,316,0.8393165007014955,0.7936211551658323,0.7946995878517195,316,1.5138440957980543,0.7933446603781789,0.7959028527154542
STKLD1_e8,291,0.7839781055820972,0.7700250333101003,0.7444842682457671,291,0.7011696121600277,0.7452176944679509,0.7540701479632383,291,1.2769560619670235,0.7444630864787167,0.7541403643634735
STRN3_e8,294,1.2825108391191293,0.832843468967928,0.8378784710978827,294,0.8334987560068126,0.7817061815318986,0.8309304612280107,294,1.5902736022854895,0.7916377113862076,0.8309380167489893
SUZ12_e4,195,0.03155332570702253,0.1466843370923732,0.08354730093328483,195,0.1744703886010412,0.6673726948649047,0.6428801187555759,195,0.23097627559803766,0.6700661774964369,0.6574394799957913
TASOR2_e4,264,0.9568330028468681,0.7574433084589378,0.8352855087053475,264,0.24390588771271351,0.6952798638709402,0.7482471464087679,264,0.36468984548317507,0.6552563774364705,0.7395450746468089
TBCK_e21,95,1.0665317962358265,0.8356442826087866,0.8289053751399776,95,0.789091284162647,0.8752283569877334,0.8579787234042554,95,1.3624182718756077,0.8750099722468659,0.8579787234042554
TESMIN_e4,329,0.8117983353543302,0.8032885429060272,0.8440572527206216,329,0.7266343788138899,0.8512663853908232,0.8387074001194301,329,1.1884528778581263,0.8397932727002462,0.8380637228788934
TEX14_e20,300,0.9715679086063052,0.7699052835560796,0.7552426977236125,300,0.31519249214652695,0.8350429997363676,0.8079917341294658,300,0.6281477882184893,0.8351500810515132,0.8080797351170325
TFEC_e3,249,0.636413293563813,0.7461498378550115,0.7463492990087229,249,0.1950685017196951,0.5534509880068466,0.5819529539265084,249,0.2676301240210664,0.5382279747560363,0.5929379502197976
TH_e6,141,0.9107806566637378,0.7727024016719165,0.7215805471124619,141,0.6263889317948775,0.6704106743843654,0.6160694122926301,141,1.1007198164978493,0.6704944859101832,0.615692683433594
TMEM161B_e2,382,1.3324465324433443,0.8730353903698955,0.8736671567587757,382,0.5292481115782058,0.843057192673749,0.8900596280451658,382,1.0248393231047714,0.8481851341279104,0.8899924023941171
TMPRSS3_e7,108,0.2999968949460053,0.4384935315291529,0.6634196066868556,108,0.3435266238657868,0.7295671465495113,0.7494724507427848,108,0.5031813148374985,0.7152089449546165,0.7492247526676817
TNIK_e14,248,0.9262660457311288,0.7190141016323517,0.7131758154157479,248,0.6430386425544867,0.7503789429366268,0.7056519525132324,248,1.1259782032476966,0.7495091792674443,0.7055591166672668
TNNT2_e10,6,-0.26523147971970695,-0.279890536627797,-0.5428571428571429,6,0.8784509901472254,0.6457132015430989,0.48571428571428577,6,1.7528541637707433,0.6460334746939888,0.48571428571428577
TNNT3_e10,246,0.18214158518948392,0.4100952615630014,0.35574188766461556,246,0.0813387106141123,0.39147889600785424,0.38738900341731974,246,0.09612914827895097,0.39257817126040356,0.3933993837401894
TP53_e3,54,0.37322683436100035,0.7418338802936539,0.7254812273680197,54,0.5220616771064531,0.6571403728943381,0.5816275967219363,54,0.8075830438645466,0.663295379104655,0.5816275967219363
TP53_e6,326,1.0901573319611173,0.7309726308711365,0.7292986565412973,326,0.7265931199877189,0.721989399999108,0.6903774726273315,326,1.3895493065841242,0.7227950877672981,0.6904249244883708
TP53_e7,318,0.04641705976568009,0.20738423990387558,0.20190966888709075,318,0.003975210564459508,0.048957780682042235,0.04687241107696659,318,0.007030945647829757,0.06597671774612471,0.06223774120385361
TRAF3IP1_e8,276,0.8995598419817924,0.8200304770485608,0.8280093035202124,276,0.8291098363475669,0.8018426038922345,0.8435561260701891,276,1.5397948768587286,0.814443911106356,0.8435319887839083
TRAF3IP1_e9,291,0.7694480262220547,0.597269644596731,0.6947349864706113,291,0.4555649794082403,0.699970543432601,0.7160297503568063,291,0.7506095330277119,0.6794495522375043,0.7128842136997792
TRAF7_e12,135,0.3748982283500077,0.47660564907545877,0.513579163008487,135,0.14679170975995762,0.538534466256965,0.5986130604494994,135,0.2248287458142443,0.5255705987447857,0.5908535529564761
TRPM6_e23,277,1.250953331901099,0.8364483671016192,0.8339534855490571,277,0.34442229379549955,0.775891735614968,0.7904648512131258,277,0.49065372428943826,0.7603625334589693,0.7888265134726118
TSC1_e10,252,0.12682444271291227,0.3245768040241749,0.23885077773805966,252,0.05792375413833306,0.32872805168142055,0.3104779377175253,252,0.08709793742977047,0.3477487913232852,0.32687908620851513
TSC2_e20,255,0.4508495323543218,0.4951689157586629,0.45944753772276686,255,0.438415879336464,0.63458288962668,0.5929450819770399,255,0.8170874351279556,0.6349002756674992,0.5923050632735917
TSC2_e7,135,0.24532236107824146,0.46189444131023727,0.4599800750906686,135,0.08343845182614484,0.39091867962460475,0.3825611710117001,135,0.13000091906481365,0.3759049983384614,0.3731833956547715
TSEN2_e7,141,0.35803128569026027,0.6236758911745901,0.81054411575838,141,0.3033524466648202,0.7385961762520846,0.7683561157718631,141,0.4050636720228789,0.7310955511539674,0.7747786701655638
TSGA10_e11,313,0.5787629928307615,0.7693780089680705,0.7753023752405582,313,0.3744019777443277,0.7071609687617306,0.6531123102182617,313,0.6081136108452516,0.7033185096004799,0.6524262927453608
UMAD1_e3,306,0.1247967860774297,0.32146879280790835,0.3308487515507932,306,0.06838429184717121,0.4473139851570735,0.454225380910478,306,0.0905888676200332,0.4396035308757241,0.4510256370341304
UNC13A_e38,68,1.3487302892958037,0.6828506805630464,0.6148413940527541,68,0.5409037673559718,0.7899523442937976,0.7185937321067297,68,1.0750302298554602,0.7902706822992692,0.7185937321067297
UPP1_e4,300,0.5169523104460673,0.7267402438782025,0.7511115402517341,300,0.12345221945805866,0.5669201937605525,0.5288219782812464,300,0.1803266827005282,0.5577271598421919,0.5215667607602325
UQCRB_e4,398,0.8408102926754192,0.7601819213189487,0.7292282155717849,398,0.24330429452559305,0.7351239051141062,0.7306333301451554,398,0.483221110366739,0.7388631968632953,0.7306837708109913
VARS2_e18,290,0.8210867053766823,0.5884751998475412,0.6162517820745746,290,0.5321001089981092,0.6644590403635495,0.7375758282505085,290,0.7996732009961496,0.6440353258812335,0.7375618960705975
VEGFA_e7,272,0.10801172101248699,0.20485707949691603,0.1919678749585189,272,0.19074158895208645,0.40972276192897517,0.43774545210735755,272,0.25731765510030175,0.4101215764793125,0.4405857381932893
WAS_e5,114,0.6618020277148493,0.8308730858481943,0.8064113727952048,114,0.5430253469958232,0.84776289439745,0.8210728822826594,114,1.0490051831673926,0.8489018298186861,0.8217128045199571
WAS_e8,117,1.1804494199195852,0.809950093630714,0.7651695664553642,117,0.7082004321217384,0.740792384050761,0.7280642599169775,117,1.282627169311258,0.7432013977636202,0.7278919210538146
WDR27_e19,388,1.142936425369244,0.8885532146439439,0.892968565744306,388,0.4937132146001299,0.8101323506892397,0.8430025524620938,388,0.9521904556272618,0.8146231112506964,0.842973569018497
WNK1_e9,240,0.2095128211742142,0.45978196849168895,0.46491615846546996,240,0.14927242347788253,0.5769596126116779,0.578404217619661,240,0.21596182459814364,0.5762048635571839,0.5785248797247506
YAP1_e6,131,0.09331934515042142,0.371713222495116,0.2826349223295788,131,0.06343248771043734,0.36754809116102505,0.2887445183112963,131,0.09086863042346495,0.40886854328591976,0.3380968523463297
ZBBX_e19,311,1.1286973853906568,0.7972738643778662,0.8053306407722113,311,0.38470205531123114,0.7630244249518147,0.8162557762376845,311,0.7609370840657679,0.7813004523448658,0.8170958651632395
ZFAND5_e2,394,0.5916531475651395,0.7117014793390048,0.7145920430082536,394,0.18561706216241977,0.6782243114551854,0.6736501236175041,394,0.3467274633340958,0.6793823771090369,0.6738594674242407
ZMYND11_e8,141,0.37334777262521845,0.6573089149256841,0.6011301853675243,141,0.6647149106642696,0.7535907355320631,0.7530844642322017,141,1.0854739022248614,0.7621542002584042,0.7554689841174707
ZNF345_e3,264,0.7650611743474648,0.8061064125220836,0.7409962794051255,264,0.3716195017349608,0.8096584295849216,0.7897421131121634,264,0.6024031362204584,0.8000560059122725,0.7894303648664809
